-- phpMyAdmin SQL Dump
-- version 3.5.1
-- http://www.phpmyadmin.net
--
-- Servidor: localhost
-- Tiempo de generación: 05-02-2014 a las 22:17:51
-- Versión del servidor: 5.5.24-log
-- Versión de PHP: 5.3.13

SET SQL_MODE="NO_AUTO_VALUE_ON_ZERO";
SET time_zone = "+00:00";


/*!40101 SET @OLD_CHARACTER_SET_CLIENT=@@CHARACTER_SET_CLIENT */;
/*!40101 SET @OLD_CHARACTER_SET_RESULTS=@@CHARACTER_SET_RESULTS */;
/*!40101 SET @OLD_COLLATION_CONNECTION=@@COLLATION_CONNECTION */;
/*!40101 SET NAMES utf8 */;

--
-- Base de datos: `lottomax`
--

-- --------------------------------------------------------

--
-- Estructura de tabla para la tabla `cupo_especial`
--

CREATE TABLE IF NOT EXISTS `cupo_especial` (
  `id_cupo_especial` int(11) NOT NULL AUTO_INCREMENT,
  `numero` int(11) NOT NULL,
  `id_sorteo` int(11) NOT NULL DEFAULT '0',
  `monto_cupo` int(11) NOT NULL COMMENT '0=Numero Bloqueado o Agotado',
  `id_tipo_jugada` int(11) NOT NULL,
  `id_zodiacal` int(11) NOT NULL DEFAULT '0',
  `fecha_desde` timestamp NOT NULL DEFAULT '0000-00-00 00:00:00',
  `fecha_hasta` timestamp NOT NULL DEFAULT '0000-00-00 00:00:00',
  PRIMARY KEY (`id_cupo_especial`),
  KEY `FK_id_sorteo` (`id_sorteo`),
  KEY `id_tipo_jugada` (`id_tipo_jugada`),
  KEY `id_zodiacal` (`id_zodiacal`)
) ENGINE=InnoDB  DEFAULT CHARSET=utf8 COLLATE=utf8_unicode_ci AUTO_INCREMENT=310 ;

--
-- Volcado de datos para la tabla `cupo_especial`
--

INSERT INTO `cupo_especial` (`id_cupo_especial`, `numero`, `id_sorteo`, `monto_cupo`, `id_tipo_jugada`, `id_zodiacal`, `fecha_desde`, `fecha_hasta`) VALUES
(1, 56, 4, 10, 2, 0, '2014-02-04 04:30:00', '2014-02-07 04:30:00'),
(2, 56, 5, 10, 2, 0, '2014-02-04 04:30:00', '2014-02-07 04:30:00'),
(3, 56, 6, 10, 2, 0, '2014-02-04 04:30:00', '2014-02-07 04:30:00'),
(4, 56, 1, 10, 2, 0, '2014-02-04 04:30:00', '2014-02-07 04:30:00'),
(5, 56, 2, 10, 2, 0, '2014-02-04 04:30:00', '2014-02-07 04:30:00'),
(6, 56, 11, 10, 2, 0, '2014-02-04 04:30:00', '2014-02-07 04:30:00'),
(7, 56, 12, 10, 2, 0, '2014-02-04 04:30:00', '2014-02-07 04:30:00'),
(8, 56, 13, 10, 2, 0, '2014-02-04 04:30:00', '2014-02-07 04:30:00'),
(9, 56, 8, 10, 2, 0, '2014-02-04 04:30:00', '2014-02-07 04:30:00'),
(10, 56, 9, 10, 2, 0, '2014-02-04 04:30:00', '2014-02-07 04:30:00'),
(11, 56, 15, 10, 2, 0, '2014-02-04 04:30:00', '2014-02-07 04:30:00'),
(12, 56, 16, 10, 2, 0, '2014-02-04 04:30:00', '2014-02-07 04:30:00'),
(13, 56, 17, 10, 2, 0, '2014-02-04 04:30:00', '2014-02-07 04:30:00'),
(14, 56, 19, 10, 2, 0, '2014-02-04 04:30:00', '2014-02-07 04:30:00'),
(15, 56, 20, 10, 2, 0, '2014-02-04 04:30:00', '2014-02-07 04:30:00'),
(16, 56, 21, 10, 2, 0, '2014-02-04 04:30:00', '2014-02-07 04:30:00'),
(17, 56, 67, 10, 2, 0, '2014-02-04 04:30:00', '2014-02-07 04:30:00'),
(18, 56, 68, 10, 2, 0, '2014-02-04 04:30:00', '2014-02-07 04:30:00'),
(19, 56, 69, 10, 2, 0, '2014-02-04 04:30:00', '2014-02-07 04:30:00'),
(20, 56, 23, 10, 2, 0, '2014-02-04 04:30:00', '2014-02-07 04:30:00'),
(21, 56, 24, 10, 2, 0, '2014-02-04 04:30:00', '2014-02-07 04:30:00'),
(22, 56, 30, 10, 2, 0, '2014-02-04 04:30:00', '2014-02-07 04:30:00'),
(23, 56, 31, 10, 2, 0, '2014-02-04 04:30:00', '2014-02-07 04:30:00'),
(24, 56, 32, 10, 2, 0, '2014-02-04 04:30:00', '2014-02-07 04:30:00'),
(25, 56, 26, 10, 2, 0, '2014-02-04 04:30:00', '2014-02-07 04:30:00'),
(26, 56, 27, 10, 2, 0, '2014-02-04 04:30:00', '2014-02-07 04:30:00'),
(27, 56, 28, 10, 2, 0, '2014-02-04 04:30:00', '2014-02-07 04:30:00'),
(28, 56, 71, 10, 2, 0, '2014-02-04 04:30:00', '2014-02-07 04:30:00'),
(29, 56, 72, 10, 2, 0, '2014-02-04 04:30:00', '2014-02-07 04:30:00'),
(30, 56, 73, 10, 2, 0, '2014-02-04 04:30:00', '2014-02-07 04:30:00'),
(31, 56, 34, 10, 2, 0, '2014-02-04 04:30:00', '2014-02-07 04:30:00'),
(32, 56, 35, 10, 2, 0, '2014-02-04 04:30:00', '2014-02-07 04:30:00'),
(33, 56, 37, 10, 2, 0, '2014-02-04 04:30:00', '2014-02-07 04:30:00'),
(34, 56, 38, 10, 2, 0, '2014-02-04 04:30:00', '2014-02-07 04:30:00'),
(35, 56, 39, 10, 2, 0, '2014-02-04 04:30:00', '2014-02-07 04:30:00'),
(36, 56, 41, 10, 2, 0, '2014-02-04 04:30:00', '2014-02-07 04:30:00'),
(37, 56, 42, 10, 2, 0, '2014-02-04 04:30:00', '2014-02-07 04:30:00'),
(38, 56, 43, 10, 2, 0, '2014-02-04 04:30:00', '2014-02-07 04:30:00'),
(39, 56, 45, 10, 2, 0, '2014-02-04 04:30:00', '2014-02-07 04:30:00'),
(40, 56, 46, 10, 2, 0, '2014-02-04 04:30:00', '2014-02-07 04:30:00'),
(41, 56, 51, 10, 2, 0, '2014-02-04 04:30:00', '2014-02-07 04:30:00'),
(42, 56, 52, 10, 2, 0, '2014-02-04 04:30:00', '2014-02-07 04:30:00'),
(43, 56, 53, 10, 2, 0, '2014-02-04 04:30:00', '2014-02-07 04:30:00'),
(44, 56, 75, 10, 2, 0, '2014-02-04 04:30:00', '2014-02-07 04:30:00'),
(45, 56, 76, 10, 2, 0, '2014-02-04 04:30:00', '2014-02-07 04:30:00'),
(46, 56, 77, 10, 2, 0, '2014-02-04 04:30:00', '2014-02-07 04:30:00'),
(47, 56, 48, 10, 2, 0, '2014-02-04 04:30:00', '2014-02-07 04:30:00'),
(48, 56, 49, 10, 2, 0, '2014-02-04 04:30:00', '2014-02-07 04:30:00'),
(49, 56, 55, 10, 2, 0, '2014-02-04 04:30:00', '2014-02-07 04:30:00'),
(50, 56, 56, 10, 2, 0, '2014-02-04 04:30:00', '2014-02-07 04:30:00'),
(51, 56, 57, 10, 2, 0, '2014-02-04 04:30:00', '2014-02-07 04:30:00'),
(52, 56, 59, 10, 2, 0, '2014-02-04 04:30:00', '2014-02-07 04:30:00'),
(53, 56, 60, 10, 2, 0, '2014-02-04 04:30:00', '2014-02-07 04:30:00'),
(54, 56, 61, 10, 2, 0, '2014-02-04 04:30:00', '2014-02-07 04:30:00'),
(55, 56, 63, 10, 2, 0, '2014-02-04 04:30:00', '2014-02-07 04:30:00'),
(56, 56, 64, 10, 2, 0, '2014-02-04 04:30:00', '2014-02-07 04:30:00'),
(57, 56, 65, 10, 2, 0, '2014-02-04 04:30:00', '2014-02-07 04:30:00'),
(58, 56, 3, 10, 4, 1, '2014-02-04 04:30:00', '2014-02-07 04:30:00'),
(59, 56, 3, 10, 4, 2, '2014-02-04 04:30:00', '2014-02-07 04:30:00'),
(60, 56, 3, 10, 4, 3, '2014-02-04 04:30:00', '2014-02-07 04:30:00'),
(61, 56, 3, 10, 4, 4, '2014-02-04 04:30:00', '2014-02-07 04:30:00'),
(62, 56, 3, 10, 4, 5, '2014-02-04 04:30:00', '2014-02-07 04:30:00'),
(63, 56, 3, 10, 4, 6, '2014-02-04 04:30:00', '2014-02-07 04:30:00'),
(64, 56, 3, 10, 4, 7, '2014-02-04 04:30:00', '2014-02-07 04:30:00'),
(65, 56, 3, 10, 4, 8, '2014-02-04 04:30:00', '2014-02-07 04:30:00'),
(66, 56, 3, 10, 4, 9, '2014-02-04 04:30:00', '2014-02-07 04:30:00'),
(67, 56, 3, 10, 4, 10, '2014-02-04 04:30:00', '2014-02-07 04:30:00'),
(68, 56, 3, 10, 4, 11, '2014-02-04 04:30:00', '2014-02-07 04:30:00'),
(69, 56, 3, 10, 4, 12, '2014-02-04 04:30:00', '2014-02-07 04:30:00'),
(70, 56, 7, 10, 4, 1, '2014-02-04 04:30:00', '2014-02-07 04:30:00'),
(71, 56, 7, 10, 4, 2, '2014-02-04 04:30:00', '2014-02-07 04:30:00'),
(72, 56, 7, 10, 4, 3, '2014-02-04 04:30:00', '2014-02-07 04:30:00'),
(73, 56, 7, 10, 4, 4, '2014-02-04 04:30:00', '2014-02-07 04:30:00'),
(74, 56, 7, 10, 4, 5, '2014-02-04 04:30:00', '2014-02-07 04:30:00'),
(75, 56, 7, 10, 4, 6, '2014-02-04 04:30:00', '2014-02-07 04:30:00'),
(76, 56, 7, 10, 4, 7, '2014-02-04 04:30:00', '2014-02-07 04:30:00'),
(77, 56, 7, 10, 4, 8, '2014-02-04 04:30:00', '2014-02-07 04:30:00'),
(78, 56, 7, 10, 4, 9, '2014-02-04 04:30:00', '2014-02-07 04:30:00'),
(79, 56, 7, 10, 4, 10, '2014-02-04 04:30:00', '2014-02-07 04:30:00'),
(80, 56, 7, 10, 4, 11, '2014-02-04 04:30:00', '2014-02-07 04:30:00'),
(81, 56, 7, 10, 4, 12, '2014-02-04 04:30:00', '2014-02-07 04:30:00'),
(82, 56, 14, 10, 4, 1, '2014-02-04 04:30:00', '2014-02-07 04:30:00'),
(83, 56, 14, 10, 4, 2, '2014-02-04 04:30:00', '2014-02-07 04:30:00'),
(84, 56, 14, 10, 4, 3, '2014-02-04 04:30:00', '2014-02-07 04:30:00'),
(85, 56, 14, 10, 4, 4, '2014-02-04 04:30:00', '2014-02-07 04:30:00'),
(86, 56, 14, 10, 4, 5, '2014-02-04 04:30:00', '2014-02-07 04:30:00'),
(87, 56, 14, 10, 4, 6, '2014-02-04 04:30:00', '2014-02-07 04:30:00'),
(88, 56, 14, 10, 4, 7, '2014-02-04 04:30:00', '2014-02-07 04:30:00'),
(89, 56, 14, 10, 4, 8, '2014-02-04 04:30:00', '2014-02-07 04:30:00'),
(90, 56, 14, 10, 4, 9, '2014-02-04 04:30:00', '2014-02-07 04:30:00'),
(91, 56, 14, 10, 4, 10, '2014-02-04 04:30:00', '2014-02-07 04:30:00'),
(92, 56, 14, 10, 4, 11, '2014-02-04 04:30:00', '2014-02-07 04:30:00'),
(93, 56, 14, 10, 4, 12, '2014-02-04 04:30:00', '2014-02-07 04:30:00'),
(94, 56, 10, 10, 4, 1, '2014-02-04 04:30:00', '2014-02-07 04:30:00'),
(95, 56, 10, 10, 4, 2, '2014-02-04 04:30:00', '2014-02-07 04:30:00'),
(96, 56, 10, 10, 4, 3, '2014-02-04 04:30:00', '2014-02-07 04:30:00'),
(97, 56, 10, 10, 4, 4, '2014-02-04 04:30:00', '2014-02-07 04:30:00'),
(98, 56, 10, 10, 4, 5, '2014-02-04 04:30:00', '2014-02-07 04:30:00'),
(99, 56, 10, 10, 4, 6, '2014-02-04 04:30:00', '2014-02-07 04:30:00'),
(100, 56, 10, 10, 4, 7, '2014-02-04 04:30:00', '2014-02-07 04:30:00'),
(101, 56, 10, 10, 4, 8, '2014-02-04 04:30:00', '2014-02-07 04:30:00'),
(102, 56, 10, 10, 4, 9, '2014-02-04 04:30:00', '2014-02-07 04:30:00'),
(103, 56, 10, 10, 4, 10, '2014-02-04 04:30:00', '2014-02-07 04:30:00'),
(104, 56, 10, 10, 4, 11, '2014-02-04 04:30:00', '2014-02-07 04:30:00'),
(105, 56, 10, 10, 4, 12, '2014-02-04 04:30:00', '2014-02-07 04:30:00'),
(106, 56, 18, 10, 4, 1, '2014-02-04 04:30:00', '2014-02-07 04:30:00'),
(107, 56, 18, 10, 4, 2, '2014-02-04 04:30:00', '2014-02-07 04:30:00'),
(108, 56, 18, 10, 4, 3, '2014-02-04 04:30:00', '2014-02-07 04:30:00'),
(109, 56, 18, 10, 4, 4, '2014-02-04 04:30:00', '2014-02-07 04:30:00'),
(110, 56, 18, 10, 4, 5, '2014-02-04 04:30:00', '2014-02-07 04:30:00'),
(111, 56, 18, 10, 4, 6, '2014-02-04 04:30:00', '2014-02-07 04:30:00'),
(112, 56, 18, 10, 4, 7, '2014-02-04 04:30:00', '2014-02-07 04:30:00'),
(113, 56, 18, 10, 4, 8, '2014-02-04 04:30:00', '2014-02-07 04:30:00'),
(114, 56, 18, 10, 4, 9, '2014-02-04 04:30:00', '2014-02-07 04:30:00'),
(115, 56, 18, 10, 4, 10, '2014-02-04 04:30:00', '2014-02-07 04:30:00'),
(116, 56, 18, 10, 4, 11, '2014-02-04 04:30:00', '2014-02-07 04:30:00'),
(117, 56, 18, 10, 4, 12, '2014-02-04 04:30:00', '2014-02-07 04:30:00'),
(118, 56, 22, 10, 4, 1, '2014-02-04 04:30:00', '2014-02-07 04:30:00'),
(119, 56, 22, 10, 4, 2, '2014-02-04 04:30:00', '2014-02-07 04:30:00'),
(120, 56, 22, 10, 4, 3, '2014-02-04 04:30:00', '2014-02-07 04:30:00'),
(121, 56, 22, 10, 4, 4, '2014-02-04 04:30:00', '2014-02-07 04:30:00'),
(122, 56, 22, 10, 4, 5, '2014-02-04 04:30:00', '2014-02-07 04:30:00'),
(123, 56, 22, 10, 4, 6, '2014-02-04 04:30:00', '2014-02-07 04:30:00'),
(124, 56, 22, 10, 4, 7, '2014-02-04 04:30:00', '2014-02-07 04:30:00'),
(125, 56, 22, 10, 4, 8, '2014-02-04 04:30:00', '2014-02-07 04:30:00'),
(126, 56, 22, 10, 4, 9, '2014-02-04 04:30:00', '2014-02-07 04:30:00'),
(127, 56, 22, 10, 4, 10, '2014-02-04 04:30:00', '2014-02-07 04:30:00'),
(128, 56, 22, 10, 4, 11, '2014-02-04 04:30:00', '2014-02-07 04:30:00'),
(129, 56, 22, 10, 4, 12, '2014-02-04 04:30:00', '2014-02-07 04:30:00'),
(130, 56, 70, 10, 4, 1, '2014-02-04 04:30:00', '2014-02-07 04:30:00'),
(131, 56, 70, 10, 4, 2, '2014-02-04 04:30:00', '2014-02-07 04:30:00'),
(132, 56, 70, 10, 4, 3, '2014-02-04 04:30:00', '2014-02-07 04:30:00'),
(133, 56, 70, 10, 4, 4, '2014-02-04 04:30:00', '2014-02-07 04:30:00'),
(134, 56, 70, 10, 4, 5, '2014-02-04 04:30:00', '2014-02-07 04:30:00'),
(135, 56, 70, 10, 4, 6, '2014-02-04 04:30:00', '2014-02-07 04:30:00'),
(136, 56, 70, 10, 4, 7, '2014-02-04 04:30:00', '2014-02-07 04:30:00'),
(137, 56, 70, 10, 4, 8, '2014-02-04 04:30:00', '2014-02-07 04:30:00'),
(138, 56, 70, 10, 4, 9, '2014-02-04 04:30:00', '2014-02-07 04:30:00'),
(139, 56, 70, 10, 4, 10, '2014-02-04 04:30:00', '2014-02-07 04:30:00'),
(140, 56, 70, 10, 4, 11, '2014-02-04 04:30:00', '2014-02-07 04:30:00'),
(141, 56, 70, 10, 4, 12, '2014-02-04 04:30:00', '2014-02-07 04:30:00'),
(142, 56, 25, 10, 4, 1, '2014-02-04 04:30:00', '2014-02-07 04:30:00'),
(143, 56, 25, 10, 4, 2, '2014-02-04 04:30:00', '2014-02-07 04:30:00'),
(144, 56, 25, 10, 4, 3, '2014-02-04 04:30:00', '2014-02-07 04:30:00'),
(145, 56, 25, 10, 4, 4, '2014-02-04 04:30:00', '2014-02-07 04:30:00'),
(146, 56, 25, 10, 4, 5, '2014-02-04 04:30:00', '2014-02-07 04:30:00'),
(147, 56, 25, 10, 4, 6, '2014-02-04 04:30:00', '2014-02-07 04:30:00'),
(148, 56, 25, 10, 4, 7, '2014-02-04 04:30:00', '2014-02-07 04:30:00'),
(149, 56, 25, 10, 4, 8, '2014-02-04 04:30:00', '2014-02-07 04:30:00'),
(150, 56, 25, 10, 4, 9, '2014-02-04 04:30:00', '2014-02-07 04:30:00'),
(151, 56, 25, 10, 4, 10, '2014-02-04 04:30:00', '2014-02-07 04:30:00'),
(152, 56, 25, 10, 4, 11, '2014-02-04 04:30:00', '2014-02-07 04:30:00'),
(153, 56, 25, 10, 4, 12, '2014-02-04 04:30:00', '2014-02-07 04:30:00'),
(154, 56, 33, 10, 4, 1, '2014-02-04 04:30:00', '2014-02-07 04:30:00'),
(155, 56, 33, 10, 4, 2, '2014-02-04 04:30:00', '2014-02-07 04:30:00'),
(156, 56, 33, 10, 4, 3, '2014-02-04 04:30:00', '2014-02-07 04:30:00'),
(157, 56, 33, 10, 4, 4, '2014-02-04 04:30:00', '2014-02-07 04:30:00'),
(158, 56, 33, 10, 4, 5, '2014-02-04 04:30:00', '2014-02-07 04:30:00'),
(159, 56, 33, 10, 4, 6, '2014-02-04 04:30:00', '2014-02-07 04:30:00'),
(160, 56, 33, 10, 4, 7, '2014-02-04 04:30:00', '2014-02-07 04:30:00'),
(161, 56, 33, 10, 4, 8, '2014-02-04 04:30:00', '2014-02-07 04:30:00'),
(162, 56, 33, 10, 4, 9, '2014-02-04 04:30:00', '2014-02-07 04:30:00'),
(163, 56, 33, 10, 4, 10, '2014-02-04 04:30:00', '2014-02-07 04:30:00'),
(164, 56, 33, 10, 4, 11, '2014-02-04 04:30:00', '2014-02-07 04:30:00'),
(165, 56, 33, 10, 4, 12, '2014-02-04 04:30:00', '2014-02-07 04:30:00'),
(166, 56, 74, 10, 4, 1, '2014-02-04 04:30:00', '2014-02-07 04:30:00'),
(167, 56, 74, 10, 4, 2, '2014-02-04 04:30:00', '2014-02-07 04:30:00'),
(168, 56, 74, 10, 4, 3, '2014-02-04 04:30:00', '2014-02-07 04:30:00'),
(169, 56, 74, 10, 4, 4, '2014-02-04 04:30:00', '2014-02-07 04:30:00'),
(170, 56, 74, 10, 4, 5, '2014-02-04 04:30:00', '2014-02-07 04:30:00'),
(171, 56, 74, 10, 4, 6, '2014-02-04 04:30:00', '2014-02-07 04:30:00'),
(172, 56, 74, 10, 4, 7, '2014-02-04 04:30:00', '2014-02-07 04:30:00'),
(173, 56, 74, 10, 4, 8, '2014-02-04 04:30:00', '2014-02-07 04:30:00'),
(174, 56, 74, 10, 4, 9, '2014-02-04 04:30:00', '2014-02-07 04:30:00'),
(175, 56, 74, 10, 4, 10, '2014-02-04 04:30:00', '2014-02-07 04:30:00'),
(176, 56, 74, 10, 4, 11, '2014-02-04 04:30:00', '2014-02-07 04:30:00'),
(177, 56, 74, 10, 4, 12, '2014-02-04 04:30:00', '2014-02-07 04:30:00'),
(178, 56, 29, 10, 4, 1, '2014-02-04 04:30:00', '2014-02-07 04:30:00'),
(179, 56, 29, 10, 4, 2, '2014-02-04 04:30:00', '2014-02-07 04:30:00'),
(180, 56, 29, 10, 4, 3, '2014-02-04 04:30:00', '2014-02-07 04:30:00'),
(181, 56, 29, 10, 4, 4, '2014-02-04 04:30:00', '2014-02-07 04:30:00'),
(182, 56, 29, 10, 4, 5, '2014-02-04 04:30:00', '2014-02-07 04:30:00'),
(183, 56, 29, 10, 4, 6, '2014-02-04 04:30:00', '2014-02-07 04:30:00'),
(184, 56, 29, 10, 4, 7, '2014-02-04 04:30:00', '2014-02-07 04:30:00'),
(185, 56, 29, 10, 4, 8, '2014-02-04 04:30:00', '2014-02-07 04:30:00'),
(186, 56, 29, 10, 4, 9, '2014-02-04 04:30:00', '2014-02-07 04:30:00'),
(187, 56, 29, 10, 4, 10, '2014-02-04 04:30:00', '2014-02-07 04:30:00'),
(188, 56, 29, 10, 4, 11, '2014-02-04 04:30:00', '2014-02-07 04:30:00'),
(189, 56, 29, 10, 4, 12, '2014-02-04 04:30:00', '2014-02-07 04:30:00'),
(190, 56, 36, 10, 4, 1, '2014-02-04 04:30:00', '2014-02-07 04:30:00'),
(191, 56, 36, 10, 4, 2, '2014-02-04 04:30:00', '2014-02-07 04:30:00'),
(192, 56, 36, 10, 4, 3, '2014-02-04 04:30:00', '2014-02-07 04:30:00'),
(193, 56, 36, 10, 4, 4, '2014-02-04 04:30:00', '2014-02-07 04:30:00'),
(194, 56, 36, 10, 4, 5, '2014-02-04 04:30:00', '2014-02-07 04:30:00'),
(195, 56, 36, 10, 4, 6, '2014-02-04 04:30:00', '2014-02-07 04:30:00'),
(196, 56, 36, 10, 4, 7, '2014-02-04 04:30:00', '2014-02-07 04:30:00'),
(197, 56, 36, 10, 4, 8, '2014-02-04 04:30:00', '2014-02-07 04:30:00'),
(198, 56, 36, 10, 4, 9, '2014-02-04 04:30:00', '2014-02-07 04:30:00'),
(199, 56, 36, 10, 4, 10, '2014-02-04 04:30:00', '2014-02-07 04:30:00'),
(200, 56, 36, 10, 4, 11, '2014-02-04 04:30:00', '2014-02-07 04:30:00'),
(201, 56, 36, 10, 4, 12, '2014-02-04 04:30:00', '2014-02-07 04:30:00'),
(202, 56, 40, 10, 4, 1, '2014-02-04 04:30:00', '2014-02-07 04:30:00'),
(203, 56, 40, 10, 4, 2, '2014-02-04 04:30:00', '2014-02-07 04:30:00'),
(204, 56, 40, 10, 4, 3, '2014-02-04 04:30:00', '2014-02-07 04:30:00'),
(205, 56, 40, 10, 4, 4, '2014-02-04 04:30:00', '2014-02-07 04:30:00'),
(206, 56, 40, 10, 4, 5, '2014-02-04 04:30:00', '2014-02-07 04:30:00'),
(207, 56, 40, 10, 4, 6, '2014-02-04 04:30:00', '2014-02-07 04:30:00'),
(208, 56, 40, 10, 4, 7, '2014-02-04 04:30:00', '2014-02-07 04:30:00'),
(209, 56, 40, 10, 4, 8, '2014-02-04 04:30:00', '2014-02-07 04:30:00'),
(210, 56, 40, 10, 4, 9, '2014-02-04 04:30:00', '2014-02-07 04:30:00'),
(211, 56, 40, 10, 4, 10, '2014-02-04 04:30:00', '2014-02-07 04:30:00'),
(212, 56, 40, 10, 4, 11, '2014-02-04 04:30:00', '2014-02-07 04:30:00'),
(213, 56, 40, 10, 4, 12, '2014-02-04 04:30:00', '2014-02-07 04:30:00'),
(214, 56, 44, 10, 4, 1, '2014-02-04 04:30:00', '2014-02-07 04:30:00'),
(215, 56, 44, 10, 4, 2, '2014-02-04 04:30:00', '2014-02-07 04:30:00'),
(216, 56, 44, 10, 4, 3, '2014-02-04 04:30:00', '2014-02-07 04:30:00'),
(217, 56, 44, 10, 4, 4, '2014-02-04 04:30:00', '2014-02-07 04:30:00'),
(218, 56, 44, 10, 4, 5, '2014-02-04 04:30:00', '2014-02-07 04:30:00'),
(219, 56, 44, 10, 4, 6, '2014-02-04 04:30:00', '2014-02-07 04:30:00'),
(220, 56, 44, 10, 4, 7, '2014-02-04 04:30:00', '2014-02-07 04:30:00'),
(221, 56, 44, 10, 4, 8, '2014-02-04 04:30:00', '2014-02-07 04:30:00'),
(222, 56, 44, 10, 4, 9, '2014-02-04 04:30:00', '2014-02-07 04:30:00'),
(223, 56, 44, 10, 4, 10, '2014-02-04 04:30:00', '2014-02-07 04:30:00'),
(224, 56, 44, 10, 4, 11, '2014-02-04 04:30:00', '2014-02-07 04:30:00'),
(225, 56, 44, 10, 4, 12, '2014-02-04 04:30:00', '2014-02-07 04:30:00'),
(226, 56, 47, 10, 4, 1, '2014-02-04 04:30:00', '2014-02-07 04:30:00'),
(227, 56, 47, 10, 4, 2, '2014-02-04 04:30:00', '2014-02-07 04:30:00'),
(228, 56, 47, 10, 4, 3, '2014-02-04 04:30:00', '2014-02-07 04:30:00'),
(229, 56, 47, 10, 4, 4, '2014-02-04 04:30:00', '2014-02-07 04:30:00'),
(230, 56, 47, 10, 4, 5, '2014-02-04 04:30:00', '2014-02-07 04:30:00'),
(231, 56, 47, 10, 4, 6, '2014-02-04 04:30:00', '2014-02-07 04:30:00'),
(232, 56, 47, 10, 4, 7, '2014-02-04 04:30:00', '2014-02-07 04:30:00'),
(233, 56, 47, 10, 4, 8, '2014-02-04 04:30:00', '2014-02-07 04:30:00'),
(234, 56, 47, 10, 4, 9, '2014-02-04 04:30:00', '2014-02-07 04:30:00'),
(235, 56, 47, 10, 4, 10, '2014-02-04 04:30:00', '2014-02-07 04:30:00'),
(236, 56, 47, 10, 4, 11, '2014-02-04 04:30:00', '2014-02-07 04:30:00'),
(237, 56, 47, 10, 4, 12, '2014-02-04 04:30:00', '2014-02-07 04:30:00'),
(238, 56, 54, 10, 4, 1, '2014-02-04 04:30:00', '2014-02-07 04:30:00'),
(239, 56, 54, 10, 4, 2, '2014-02-04 04:30:00', '2014-02-07 04:30:00'),
(240, 56, 54, 10, 4, 3, '2014-02-04 04:30:00', '2014-02-07 04:30:00'),
(241, 56, 54, 10, 4, 4, '2014-02-04 04:30:00', '2014-02-07 04:30:00'),
(242, 56, 54, 10, 4, 5, '2014-02-04 04:30:00', '2014-02-07 04:30:00'),
(243, 56, 54, 10, 4, 6, '2014-02-04 04:30:00', '2014-02-07 04:30:00'),
(244, 56, 54, 10, 4, 7, '2014-02-04 04:30:00', '2014-02-07 04:30:00'),
(245, 56, 54, 10, 4, 8, '2014-02-04 04:30:00', '2014-02-07 04:30:00'),
(246, 56, 54, 10, 4, 9, '2014-02-04 04:30:00', '2014-02-07 04:30:00'),
(247, 56, 54, 10, 4, 10, '2014-02-04 04:30:00', '2014-02-07 04:30:00'),
(248, 56, 54, 10, 4, 11, '2014-02-04 04:30:00', '2014-02-07 04:30:00'),
(249, 56, 54, 10, 4, 12, '2014-02-04 04:30:00', '2014-02-07 04:30:00'),
(250, 56, 78, 10, 4, 1, '2014-02-04 04:30:00', '2014-02-07 04:30:00'),
(251, 56, 78, 10, 4, 2, '2014-02-04 04:30:00', '2014-02-07 04:30:00'),
(252, 56, 78, 10, 4, 3, '2014-02-04 04:30:00', '2014-02-07 04:30:00'),
(253, 56, 78, 10, 4, 4, '2014-02-04 04:30:00', '2014-02-07 04:30:00'),
(254, 56, 78, 10, 4, 5, '2014-02-04 04:30:00', '2014-02-07 04:30:00'),
(255, 56, 78, 10, 4, 6, '2014-02-04 04:30:00', '2014-02-07 04:30:00'),
(256, 56, 78, 10, 4, 7, '2014-02-04 04:30:00', '2014-02-07 04:30:00'),
(257, 56, 78, 10, 4, 8, '2014-02-04 04:30:00', '2014-02-07 04:30:00'),
(258, 56, 78, 10, 4, 9, '2014-02-04 04:30:00', '2014-02-07 04:30:00'),
(259, 56, 78, 10, 4, 10, '2014-02-04 04:30:00', '2014-02-07 04:30:00'),
(260, 56, 78, 10, 4, 11, '2014-02-04 04:30:00', '2014-02-07 04:30:00'),
(261, 56, 78, 10, 4, 12, '2014-02-04 04:30:00', '2014-02-07 04:30:00'),
(262, 56, 50, 10, 4, 1, '2014-02-04 04:30:00', '2014-02-07 04:30:00'),
(263, 56, 50, 10, 4, 2, '2014-02-04 04:30:00', '2014-02-07 04:30:00'),
(264, 56, 50, 10, 4, 3, '2014-02-04 04:30:00', '2014-02-07 04:30:00'),
(265, 56, 50, 10, 4, 4, '2014-02-04 04:30:00', '2014-02-07 04:30:00'),
(266, 56, 50, 10, 4, 5, '2014-02-04 04:30:00', '2014-02-07 04:30:00'),
(267, 56, 50, 10, 4, 6, '2014-02-04 04:30:00', '2014-02-07 04:30:00'),
(268, 56, 50, 10, 4, 7, '2014-02-04 04:30:00', '2014-02-07 04:30:00'),
(269, 56, 50, 10, 4, 8, '2014-02-04 04:30:00', '2014-02-07 04:30:00'),
(270, 56, 50, 10, 4, 9, '2014-02-04 04:30:00', '2014-02-07 04:30:00'),
(271, 56, 50, 10, 4, 10, '2014-02-04 04:30:00', '2014-02-07 04:30:00'),
(272, 56, 50, 10, 4, 11, '2014-02-04 04:30:00', '2014-02-07 04:30:00'),
(273, 56, 50, 10, 4, 12, '2014-02-04 04:30:00', '2014-02-07 04:30:00'),
(274, 56, 58, 10, 4, 1, '2014-02-04 04:30:00', '2014-02-07 04:30:00'),
(275, 56, 58, 10, 4, 2, '2014-02-04 04:30:00', '2014-02-07 04:30:00'),
(276, 56, 58, 10, 4, 3, '2014-02-04 04:30:00', '2014-02-07 04:30:00'),
(277, 56, 58, 10, 4, 4, '2014-02-04 04:30:00', '2014-02-07 04:30:00'),
(278, 56, 58, 10, 4, 5, '2014-02-04 04:30:00', '2014-02-07 04:30:00'),
(279, 56, 58, 10, 4, 6, '2014-02-04 04:30:00', '2014-02-07 04:30:00'),
(280, 56, 58, 10, 4, 7, '2014-02-04 04:30:00', '2014-02-07 04:30:00'),
(281, 56, 58, 10, 4, 8, '2014-02-04 04:30:00', '2014-02-07 04:30:00'),
(282, 56, 58, 10, 4, 9, '2014-02-04 04:30:00', '2014-02-07 04:30:00'),
(283, 56, 58, 10, 4, 10, '2014-02-04 04:30:00', '2014-02-07 04:30:00'),
(284, 56, 58, 10, 4, 11, '2014-02-04 04:30:00', '2014-02-07 04:30:00'),
(285, 56, 58, 10, 4, 12, '2014-02-04 04:30:00', '2014-02-07 04:30:00'),
(286, 56, 62, 10, 4, 1, '2014-02-04 04:30:00', '2014-02-07 04:30:00'),
(287, 56, 62, 10, 4, 2, '2014-02-04 04:30:00', '2014-02-07 04:30:00'),
(288, 56, 62, 10, 4, 3, '2014-02-04 04:30:00', '2014-02-07 04:30:00'),
(289, 56, 62, 10, 4, 4, '2014-02-04 04:30:00', '2014-02-07 04:30:00'),
(290, 56, 62, 10, 4, 5, '2014-02-04 04:30:00', '2014-02-07 04:30:00'),
(291, 56, 62, 10, 4, 6, '2014-02-04 04:30:00', '2014-02-07 04:30:00'),
(292, 56, 62, 10, 4, 7, '2014-02-04 04:30:00', '2014-02-07 04:30:00'),
(293, 56, 62, 10, 4, 8, '2014-02-04 04:30:00', '2014-02-07 04:30:00'),
(294, 56, 62, 10, 4, 9, '2014-02-04 04:30:00', '2014-02-07 04:30:00'),
(295, 56, 62, 10, 4, 10, '2014-02-04 04:30:00', '2014-02-07 04:30:00'),
(296, 56, 62, 10, 4, 11, '2014-02-04 04:30:00', '2014-02-07 04:30:00'),
(297, 56, 62, 10, 4, 12, '2014-02-04 04:30:00', '2014-02-07 04:30:00'),
(298, 56, 66, 10, 4, 1, '2014-02-04 04:30:00', '2014-02-07 04:30:00'),
(299, 56, 66, 10, 4, 2, '2014-02-04 04:30:00', '2014-02-07 04:30:00'),
(300, 56, 66, 10, 4, 3, '2014-02-04 04:30:00', '2014-02-07 04:30:00'),
(301, 56, 66, 10, 4, 4, '2014-02-04 04:30:00', '2014-02-07 04:30:00'),
(302, 56, 66, 10, 4, 5, '2014-02-04 04:30:00', '2014-02-07 04:30:00'),
(303, 56, 66, 10, 4, 6, '2014-02-04 04:30:00', '2014-02-07 04:30:00'),
(304, 56, 66, 10, 4, 7, '2014-02-04 04:30:00', '2014-02-07 04:30:00'),
(305, 56, 66, 10, 4, 8, '2014-02-04 04:30:00', '2014-02-07 04:30:00'),
(306, 56, 66, 10, 4, 9, '2014-02-04 04:30:00', '2014-02-07 04:30:00'),
(307, 56, 66, 10, 4, 10, '2014-02-04 04:30:00', '2014-02-07 04:30:00'),
(308, 56, 66, 10, 4, 11, '2014-02-04 04:30:00', '2014-02-07 04:30:00'),
(309, 56, 66, 10, 4, 12, '2014-02-04 04:30:00', '2014-02-07 04:30:00');

-- --------------------------------------------------------

--
-- Estructura de tabla para la tabla `cupo_general`
--

CREATE TABLE IF NOT EXISTS `cupo_general` (
  `id_cupo_general` int(11) NOT NULL AUTO_INCREMENT,
  `monto_cupo` int(11) NOT NULL,
  `id_tipo_jugada` int(11) NOT NULL DEFAULT '0',
  PRIMARY KEY (`id_cupo_general`),
  KEY `FK_id_tipo_jugadas` (`id_tipo_jugada`)
) ENGINE=InnoDB  DEFAULT CHARSET=utf8 COLLATE=utf8_unicode_ci AUTO_INCREMENT=5 ;

--
-- Volcado de datos para la tabla `cupo_general`
--

INSERT INTO `cupo_general` (`id_cupo_general`, `monto_cupo`, `id_tipo_jugada`) VALUES
(1, 600, 1),
(2, 100, 2),
(3, 500, 3),
(4, 80, 4);

-- --------------------------------------------------------

--
-- Estructura de tabla para la tabla `detalle_ticket`
--

CREATE TABLE IF NOT EXISTS `detalle_ticket` (
  `id_detalle_ticket` int(11) NOT NULL AUTO_INCREMENT,
  `id_ticket` varchar(15) COLLATE utf8_unicode_ci NOT NULL,
  `numero` varchar(10) COLLATE utf8_unicode_ci NOT NULL,
  `id_sorteo` int(11) NOT NULL,
  `hora_sorteo` time NOT NULL,
  `id_zodiacal` int(11) NOT NULL,
  `id_tipo_jugada` int(11) NOT NULL DEFAULT '0',
  `monto` decimal(10,2) NOT NULL,
  `premiado` int(11) NOT NULL DEFAULT '0',
  `total_premiado` int(11) NOT NULL DEFAULT '0',
  KEY `id_detalle_ticket` (`id_detalle_ticket`),
  KEY `FK_id_ticket` (`id_ticket`),
  KEY `FK_id_tipo_jugada` (`id_tipo_jugada`)
) ENGINE=InnoDB  DEFAULT CHARSET=utf8 COLLATE=utf8_unicode_ci COMMENT='Detalle ticket' AUTO_INCREMENT=175 ;

-- --------------------------------------------------------

--
-- Estructura de tabla para la tabla `impresora_taquillas`
--

CREATE TABLE IF NOT EXISTS `impresora_taquillas` (
  `id_impresora_taquillas` int(11) NOT NULL AUTO_INCREMENT,
  `id_taquilla` int(11) NOT NULL,
  `nombre_vendedor_ticket` int(11) NOT NULL,
  `cortar_ticket` int(11) NOT NULL,
  `lineas_saltar_antes` int(11) NOT NULL,
  `lineas_saltar_despues` int(11) NOT NULL,
  `ver_numeros_incompletos` int(11) NOT NULL,
  `ver_numeros_agotados` int(11) NOT NULL,
  PRIMARY KEY (`id_impresora_taquillas`),
  UNIQUE KEY `id_taquilla` (`id_taquilla`)
) ENGINE=InnoDB  DEFAULT CHARSET=utf8 COLLATE=utf8_unicode_ci COMMENT='Configuracion de Impresora' AUTO_INCREMENT=10 ;

--
-- Volcado de datos para la tabla `impresora_taquillas`
--

INSERT INTO `impresora_taquillas` (`id_impresora_taquillas`, `id_taquilla`, `nombre_vendedor_ticket`, `cortar_ticket`, `lineas_saltar_antes`, `lineas_saltar_despues`, `ver_numeros_incompletos`, `ver_numeros_agotados`) VALUES
(2, 2, 1, 0, 0, 7, 1, 1),
(3, 1, 1, 0, 0, 7, 1, 1),
(9, 3, 1, 0, 0, 7, 1, 1);

-- --------------------------------------------------------

--
-- Estructura de tabla para la tabla `incompletos_agotados`
--

CREATE TABLE IF NOT EXISTS `incompletos_agotados` (
  `id_incompletos_agotados` int(11) NOT NULL AUTO_INCREMENT,
  `id_ticket` varchar(15) COLLATE utf8_unicode_ci NOT NULL,
  `fecha` datetime NOT NULL,
  `numero` varchar(10) COLLATE utf8_unicode_ci NOT NULL,
  `id_sorteo` int(11) NOT NULL,
  `id_tipo_jugada` int(11) NOT NULL,
  `id_zodiacal` int(11) NOT NULL,
  `monto_restante` decimal(10,2) NOT NULL,
  `incompleto` int(11) NOT NULL COMMENT '0=completo, 1=Incompleto, 2=Agotado',
  PRIMARY KEY (`id_incompletos_agotados`),
  KEY `id_sorteo` (`id_sorteo`),
  KEY `id_tipo_jugada` (`id_tipo_jugada`),
  KEY `id_zodiacal` (`id_zodiacal`),
  KEY `FK_id_tickets` (`id_ticket`)
) ENGINE=InnoDB DEFAULT CHARSET=utf8 COLLATE=utf8_unicode_ci COMMENT='guarda numeros incompletos y agotados' AUTO_INCREMENT=1 ;

-- --------------------------------------------------------

--
-- Estructura de tabla para la tabla `loterias`
--

CREATE TABLE IF NOT EXISTS `loterias` (
  `id_loteria` int(11) NOT NULL AUTO_INCREMENT,
  `nombre_loteria` varchar(50) COLLATE utf8_unicode_ci NOT NULL,
  `status` int(11) NOT NULL COMMENT '0=Inactivo, 1=Activo',
  PRIMARY KEY (`id_loteria`)
) ENGINE=InnoDB  DEFAULT CHARSET=utf8 COLLATE=utf8_unicode_ci COMMENT='Listados de Loterias' AUTO_INCREMENT=8 ;

--
-- Volcado de datos para la tabla `loterias`
--

INSERT INTO `loterias` (`id_loteria`, `nombre_loteria`, `status`) VALUES
(1, 'ZAMORANO', 1),
(2, 'TACHIRA', 1),
(3, 'ZODIACAL', 1),
(4, 'LEON', 1),
(5, 'CHANCE', 1),
(6, 'ZULIA', 1),
(7, 'TRIPLEMANIA', 1);

-- --------------------------------------------------------

--
-- Estructura de tabla para la tabla `numeros_jugados`
--

CREATE TABLE IF NOT EXISTS `numeros_jugados` (
  `id_numero_jugados` int(11) NOT NULL AUTO_INCREMENT,
  `fecha` date NOT NULL,
  `numero` varchar(10) COLLATE utf8_unicode_ci NOT NULL,
  `id_sorteo` int(11) NOT NULL,
  `id_tipo_jugada` int(11) NOT NULL,
  `id_zodiacal` int(11) NOT NULL,
  `monto_restante` int(11) NOT NULL,
  PRIMARY KEY (`id_numero_jugados`),
  KEY `id_sorteo` (`id_sorteo`),
  KEY `id_tipo_jugada` (`id_tipo_jugada`),
  KEY `id_zodiacal` (`id_zodiacal`)
) ENGINE=InnoDB DEFAULT CHARSET=utf8 COLLATE=utf8_unicode_ci AUTO_INCREMENT=1 ;

-- --------------------------------------------------------

--
-- Estructura de tabla para la tabla `parametros`
--

CREATE TABLE IF NOT EXISTS `parametros` (
  `id_parametros` int(11) NOT NULL AUTO_INCREMENT,
  `id_agencia` int(11) NOT NULL,
  `nombre_agencia` varchar(50) COLLATE utf8_unicode_ci NOT NULL,
  `tiempo_cierre_sorteos` int(11) NOT NULL COMMENT 'Expresado en minutos',
  `tiempo_anulacion_ticket` int(11) NOT NULL COMMENT 'Expresado en minutos',
  `tiempo_vigencia_ticket` int(11) NOT NULL COMMENT 'Expresado en dias',
  `aprox_abajo` tinyint(1) NOT NULL DEFAULT '0',
  `aprox_arriba` tinyint(1) NOT NULL DEFAULT '0',
  `comision_agencia` int(11) NOT NULL,
  UNIQUE KEY `id_parametros` (`id_parametros`)
) ENGINE=InnoDB  DEFAULT CHARSET=utf8 COLLATE=utf8_unicode_ci AUTO_INCREMENT=2 ;

--
-- Volcado de datos para la tabla `parametros`
--

INSERT INTO `parametros` (`id_parametros`, `id_agencia`, `nombre_agencia`, `tiempo_cierre_sorteos`, `tiempo_anulacion_ticket`, `tiempo_vigencia_ticket`, `aprox_abajo`, `aprox_arriba`, `comision_agencia`) VALUES
(1, 1, 'Makamindres', 10, 5, 3, 1, 1, 30);

-- --------------------------------------------------------

--
-- Estructura de tabla para la tabla `perfil`
--

CREATE TABLE IF NOT EXISTS `perfil` (
  `id_perfil` int(11) NOT NULL AUTO_INCREMENT,
  `nombre_perfil` varchar(20) DEFAULT NULL,
  PRIMARY KEY (`id_perfil`)
) ENGINE=InnoDB  DEFAULT CHARSET=latin1 AUTO_INCREMENT=5 ;

--
-- Volcado de datos para la tabla `perfil`
--

INSERT INTO `perfil` (`id_perfil`, `nombre_perfil`) VALUES
(1, 'Administrador'),
(2, 'Banquero'),
(3, 'Intermediario'),
(4, 'Vendedor');

-- --------------------------------------------------------

--
-- Estructura de tabla para la tabla `relacion_pagos`
--

CREATE TABLE IF NOT EXISTS `relacion_pagos` (
  `id_relacion_pagos` int(11) NOT NULL AUTO_INCREMENT,
  `monto` int(11) NOT NULL,
  `id_tipo_jugada` int(11) NOT NULL,
  `status` int(11) NOT NULL COMMENT '0=Inactivo, 1=Activo',
  PRIMARY KEY (`id_relacion_pagos`),
  KEY `id_tipo_jugada` (`id_tipo_jugada`)
) ENGINE=InnoDB  DEFAULT CHARSET=utf8 COLLATE=utf8_unicode_ci AUTO_INCREMENT=6 ;

--
-- Volcado de datos para la tabla `relacion_pagos`
--

INSERT INTO `relacion_pagos` (`id_relacion_pagos`, `monto`, `id_tipo_jugada`, `status`) VALUES
(1, 800, 1, 1),
(2, 50, 2, 1),
(3, 6000, 3, 1),
(4, 120, 4, 1),
(5, 30, 5, 1);

-- --------------------------------------------------------

--
-- Estructura de tabla para la tabla `resultados`
--

CREATE TABLE IF NOT EXISTS `resultados` (
  `id_resultados` int(11) NOT NULL AUTO_INCREMENT,
  `id_sorteo` int(11) NOT NULL,
  `zodiacal` int(11) NOT NULL,
  `numero` varchar(3) COLLATE utf8_unicode_ci NOT NULL,
  `fecha_hora` datetime NOT NULL,
  `bajado` int(11) NOT NULL DEFAULT '0',
  PRIMARY KEY (`id_resultados`),
  KEY `id_sorteo` (`id_sorteo`),
  KEY `zodiacal` (`zodiacal`)
) ENGINE=InnoDB DEFAULT CHARSET=utf8 COLLATE=utf8_unicode_ci AUTO_INCREMENT=1 ;

-- --------------------------------------------------------

--
-- Estructura de tabla para la tabla `sorteos`
--

CREATE TABLE IF NOT EXISTS `sorteos` (
  `id_sorteo` int(11) NOT NULL AUTO_INCREMENT,
  `id_loteria` int(11) NOT NULL DEFAULT '0',
  `nombre_sorteo` varchar(25) COLLATE utf8_unicode_ci NOT NULL,
  `hora_sorteo` time NOT NULL,
  `id_turno` int(1) NOT NULL,
  `zodiacal` int(11) NOT NULL,
  `tradicional` int(1) NOT NULL COMMENT '0=No Tradicional, 1= Si Tradicional',
  `status` int(11) NOT NULL COMMENT '0=Inactivo, 1=Activo',
  UNIQUE KEY `id_sorrteo` (`id_sorteo`),
  KEY `FK_zodiacal` (`zodiacal`),
  KEY `FK_id_loteria` (`id_loteria`),
  KEY `turno_fk` (`id_turno`)
) ENGINE=InnoDB  DEFAULT CHARSET=utf8 COLLATE=utf8_unicode_ci AUTO_INCREMENT=79 ;

--
-- Volcado de datos para la tabla `sorteos`
--

INSERT INTO `sorteos` (`id_sorteo`, `id_loteria`, `nombre_sorteo`, `hora_sorteo`, `id_turno`, `zodiacal`, `tradicional`, `status`) VALUES
(1, 1, 'ZAMORANO A 12PM', '12:00:00', 1, 0, 0, 1),
(2, 1, 'ZAMORANO C 12PM', '12:00:00', 1, 0, 0, 1),
(3, 1, 'ASTRO ZAMORANO 12PM', '12:00:00', 1, 1, 0, 1),
(4, 2, 'TACHIRA A 12PM', '12:00:00', 1, 0, 1, 1),
(5, 2, 'TACHIRA B 12PM', '12:00:00', 1, 0, 1, 1),
(6, 2, 'TACHIRA C 12PM', '12:00:00', 1, 0, 0, 1),
(7, 2, 'SIGNO TACHIRA 12PM', '12:00:00', 1, 1, 0, 1),
(8, 3, 'ZODIACAL A 12:45PM', '12:45:00', 1, 0, 1, 1),
(9, 3, 'ZODIACAL B 12:45PM', '12:45:00', 1, 0, 1, 1),
(10, 3, 'ZODIACAL SIGNO 12:45PM', '12:45:00', 1, 1, 0, 1),
(11, 4, 'LEON A 12:30PM', '12:30:00', 1, 0, 1, 1),
(12, 4, 'LEON B 12:30PM', '12:30:00', 1, 0, 1, 1),
(13, 4, 'LEON C 12:30PM', '12:30:00', 1, 0, 0, 1),
(14, 4, 'TRIPLETON 12:30PM', '12:30:00', 1, 1, 0, 1),
(15, 6, 'ZULIA A 12:45PM', '12:45:00', 1, 0, 1, 1),
(16, 6, 'ZULIA B 12:45PM', '12:45:00', 1, 0, 1, 1),
(17, 6, 'ZULIA C 12:45PM', '12:45:00', 1, 0, 0, 1),
(18, 6, 'ZODIACO DEL ZULIA 12:45PM', '12:45:00', 1, 1, 0, 1),
(19, 5, 'CHANCE A 1PM', '13:00:00', 1, 0, 1, 1),
(20, 5, 'CHANCE B 1PM', '13:00:00', 1, 0, 1, 1),
(21, 5, 'CHANCE C 1PM', '13:00:00', 1, 0, 0, 1),
(22, 5, 'ASTRAL 1PM', '13:00:00', 1, 1, 0, 1),
(23, 1, 'ZAMORANO A 4PM', '16:00:00', 2, 0, 0, 1),
(24, 1, 'ZAMORANO C 4PM', '16:00:00', 2, 0, 0, 1),
(25, 1, 'ASTRO ZAMORANO 4PM', '16:00:00', 2, 1, 0, 1),
(26, 4, 'LEON A 4:30PM', '16:30:00', 2, 0, 1, 1),
(27, 4, 'LEON B 4:30PM', '16:30:00', 2, 0, 1, 1),
(28, 4, 'LEON C 4:30PM', '16:30:00', 2, 0, 0, 1),
(29, 4, 'TRIPLETON 4:30PM', '16:30:00', 2, 1, 0, 1),
(30, 5, 'CHANCE A 4:30PM', '16:30:00', 2, 0, 1, 1),
(31, 5, 'CHANCE B 4:30PM', '16:30:00', 2, 0, 1, 1),
(32, 5, 'CHANCE C 4:30PM', '16:30:00', 2, 0, 0, 1),
(33, 5, 'ASTRAL 4:30PM', '16:30:00', 2, 1, 0, 1),
(34, 3, 'ZODIACAL A 4:45PM', '16:45:00', 2, 0, 1, 1),
(35, 3, 'ZODIACAL B 4:45PM', '16:45:00', 2, 0, 1, 1),
(36, 3, 'ZODIACAL SIGNO 4:45PM', '16:45:00', 2, 1, 0, 1),
(37, 6, 'ZULIA A 4:45PM', '16:45:00', 2, 0, 1, 1),
(38, 6, 'ZULIA B 4:45PM', '16:45:00', 2, 0, 1, 1),
(39, 6, 'ZULIA C 4:45PM', '16:45:00', 2, 0, 0, 1),
(40, 6, 'ZODIACO DEL ZULIA 4:45PM', '16:45:00', 2, 1, 0, 1),
(41, 2, 'TACHIRA A 5PM', '17:00:00', 2, 0, 1, 1),
(42, 2, 'TACHIRA B 5PM', '17:00:00', 2, 0, 1, 1),
(43, 2, 'TACHIRA C 5PM', '17:00:00', 2, 0, 0, 1),
(44, 2, 'SIGNO TACHIRA 5PM', '17:00:00', 2, 1, 0, 1),
(45, 1, 'ZAMORANO A 7PM', '19:00:00', 3, 0, 0, 1),
(46, 1, 'ZAMORANO C 7PM', '19:00:00', 3, 0, 0, 1),
(47, 1, 'ASTRO ZAMORANO 7PM', '19:00:00', 3, 1, 0, 1),
(48, 3, 'ZODIACAL A 7:45PM', '19:45:00', 3, 0, 1, 1),
(49, 3, 'ZODIACAL B 7:45PM', '19:45:00', 3, 0, 1, 1),
(50, 3, 'ZODIACAL SIGNO 7:45PM', '19:45:00', 3, 1, 0, 1),
(51, 4, 'LEON A 7:30PM', '19:30:00', 3, 0, 1, 1),
(52, 4, 'LEON B 7:30PM', '19:30:00', 3, 0, 1, 1),
(53, 4, 'LEON C 7:30PM', '19:30:00', 3, 0, 0, 1),
(54, 4, 'TRIPLETON 7:30PM', '19:30:00', 3, 1, 0, 1),
(55, 6, 'ZULIA A 7:45PM', '19:45:00', 3, 0, 1, 1),
(56, 6, 'ZULIA B 7:45PM', '19:45:00', 3, 0, 1, 1),
(57, 6, 'ZULIA C 7:45PM', '19:45:00', 3, 0, 0, 1),
(58, 6, 'ZODIACO DEL ZULIA 19:45PM', '19:45:00', 3, 1, 0, 1),
(59, 5, 'CHANCE A 8PM', '20:00:00', 3, 0, 1, 1),
(60, 5, 'CHANCE B 8PM', '20:00:00', 3, 0, 1, 1),
(61, 5, 'CHANCE C 8PM', '20:00:00', 3, 0, 0, 1),
(62, 5, 'ASTRAL 8PM', '20:00:00', 3, 1, 0, 1),
(63, 2, 'TACHIRA A 9PM', '21:00:00', 3, 0, 1, 1),
(64, 2, 'TACHIRA B 9PM', '21:00:00', 3, 0, 1, 1),
(65, 2, 'TACHIRA C 9PM', '21:00:00', 3, 0, 0, 1),
(66, 2, 'SIGNO TACHIRA 9PM', '21:00:00', 3, 1, 0, 1),
(67, 7, 'TRIPLEMANIA A 1PM', '13:00:00', 1, 0, 0, 1),
(68, 7, 'TRIPLEMANIA B 1PM', '13:00:00', 1, 0, 0, 1),
(69, 7, 'TRIPLEMANIA C 1PM', '13:00:00', 1, 0, 0, 1),
(70, 7, 'MANIA ZODIACAL 1PM', '13:00:00', 1, 1, 0, 1),
(71, 7, 'TRIPLEMANIA A 4:30PM', '16:30:00', 2, 0, 0, 1),
(72, 7, 'TRIPLEMANIA B 4:30PM', '16:30:00', 2, 0, 0, 1),
(73, 7, 'TRIPLEMANIA C 4:30PM', '16:30:00', 2, 0, 0, 1),
(74, 7, 'MANIA ZODIACAL 4:30PM', '16:30:00', 2, 1, 0, 1),
(75, 7, 'TRIPLEMANIA A 7:45PM', '19:45:00', 3, 0, 0, 1),
(76, 7, 'TRIPLEMANIA B 7:45PM', '19:45:00', 3, 0, 0, 1),
(77, 7, 'TRIPLEMANIA C 7:45PM', '19:45:00', 3, 0, 0, 1),
(78, 7, 'MANIA ZODIACAL 7:45PM', '19:45:00', 3, 1, 0, 1);

-- --------------------------------------------------------

--
-- Estructura de tabla para la tabla `status`
--

CREATE TABLE IF NOT EXISTS `status` (
  `id_status` int(11) NOT NULL,
  `status_nombre` varchar(15) COLLATE utf8_spanish_ci NOT NULL,
  PRIMARY KEY (`id_status`)
) ENGINE=InnoDB DEFAULT CHARSET=utf8 COLLATE=utf8_spanish_ci;

--
-- Volcado de datos para la tabla `status`
--

INSERT INTO `status` (`id_status`, `status_nombre`) VALUES
(0, 'Inactivo'),
(1, 'Activo'),
(2, 'Modificado');

-- --------------------------------------------------------

--
-- Estructura de tabla para la tabla `taquillas`
--

CREATE TABLE IF NOT EXISTS `taquillas` (
  `id_taquilla` int(11) NOT NULL AUTO_INCREMENT,
  `numero_taquilla` varchar(11) COLLATE utf8_unicode_ci NOT NULL,
  `status` int(11) NOT NULL COMMENT ' 0=Inactivo, 1=Activo',
  PRIMARY KEY (`id_taquilla`)
) ENGINE=InnoDB  DEFAULT CHARSET=utf8 COLLATE=utf8_unicode_ci AUTO_INCREMENT=4 ;

--
-- Volcado de datos para la tabla `taquillas`
--

INSERT INTO `taquillas` (`id_taquilla`, `numero_taquilla`, `status`) VALUES
(1, '01', 1),
(2, '02', 1),
(3, '03', 0);

-- --------------------------------------------------------

--
-- Estructura de tabla para la tabla `ticket`
--

CREATE TABLE IF NOT EXISTS `ticket` (
  `id_ticket` varchar(15) COLLATE utf8_unicode_ci NOT NULL,
  `serial` varchar(11) COLLATE utf8_unicode_ci NOT NULL,
  `fecha_hora` datetime NOT NULL,
  `taquilla` int(11) NOT NULL,
  `total_ticket` decimal(10,2) NOT NULL,
  `id_usuario` int(11) NOT NULL,
  `premiado` int(11) NOT NULL,
  `pagado` int(11) NOT NULL,
  `total_premiado` int(11) NOT NULL,
  `status` int(11) NOT NULL DEFAULT '1' COMMENT '0=Inactivo, 1=Activo',
  `fecha_hora_anulacion` datetime NOT NULL,
  `taquilla_anulacion` int(11) NOT NULL,
  `subido` int(11) NOT NULL DEFAULT '0',
  `verificado` int(11) NOT NULL DEFAULT '0',
  `impreso` int(11) NOT NULL DEFAULT '0' COMMENT '0= No Impreso, 1= Impreso, 2=Reimpreso',
  PRIMARY KEY (`id_ticket`)
) ENGINE=InnoDB DEFAULT CHARSET=utf8 COLLATE=utf8_unicode_ci COMMENT='ticket';

-- --------------------------------------------------------

--
-- Estructura de tabla para la tabla `ticket_transaccional`
--

CREATE TABLE IF NOT EXISTS `ticket_transaccional` (
  `id_ticket_transaccional` int(11) NOT NULL AUTO_INCREMENT,
  `numero` varchar(10) COLLATE utf8_unicode_ci NOT NULL,
  `id_sorteo` int(11) NOT NULL,
  `id_zodiacal` int(11) NOT NULL,
  `id_tipo_jugada` int(11) NOT NULL,
  `monto_faltante` decimal(10,2) NOT NULL,
  `incompleto` int(11) NOT NULL COMMENT '0=completo, 1=Incompleto, 2=Agotado',
  `monto` decimal(10,2) NOT NULL,
  `id_taquilla` int(11) NOT NULL,
  PRIMARY KEY (`id_ticket_transaccional`),
  KEY `id_taquilla` (`id_taquilla`),
  KEY `id_zodiacal` (`id_zodiacal`),
  KEY `id_sorteo` (`id_sorteo`),
  KEY `id_tipo_jugada` (`id_tipo_jugada`)
) ENGINE=InnoDB  DEFAULT CHARSET=utf8 COLLATE=utf8_unicode_ci COMMENT='Ticket Transaccional' AUTO_INCREMENT=49 ;

-- --------------------------------------------------------

--
-- Estructura de tabla para la tabla `tipo_jugadas`
--

CREATE TABLE IF NOT EXISTS `tipo_jugadas` (
  `id_tipo_jugada` int(11) NOT NULL AUTO_INCREMENT,
  `nombre_jugada` varchar(30) COLLATE utf8_unicode_ci NOT NULL,
  `zodiacal` int(11) NOT NULL COMMENT ' 0=No es Zodiacal, 1=Si es Zodiacal',
  `triple` int(11) NOT NULL COMMENT ' 0=es Terminal, 1=es Triple, 2= aproximacion',
  `status` int(11) NOT NULL COMMENT '0=Inactivo, 1=Activo',
  PRIMARY KEY (`id_tipo_jugada`)
) ENGINE=InnoDB  DEFAULT CHARSET=utf8 COLLATE=utf8_unicode_ci AUTO_INCREMENT=6 ;

--
-- Volcado de datos para la tabla `tipo_jugadas`
--

INSERT INTO `tipo_jugadas` (`id_tipo_jugada`, `nombre_jugada`, `zodiacal`, `triple`, `status`) VALUES
(1, 'Triple', 0, 1, 1),
(2, 'Terminal', 0, 0, 1),
(3, 'Tripletazo', 1, 1, 1),
(4, 'Terminalazo', 1, 0, 1),
(5, 'Aproximacion', 0, 2, 1);

-- --------------------------------------------------------

--
-- Estructura de tabla para la tabla `turno`
--

CREATE TABLE IF NOT EXISTS `turno` (
  `id_turno` int(1) NOT NULL,
  `nom_turno` varchar(6) COLLATE utf8_unicode_ci NOT NULL,
  `pre_turno` enum('M','T','N') COLLATE utf8_unicode_ci NOT NULL,
  PRIMARY KEY (`id_turno`)
) ENGINE=InnoDB DEFAULT CHARSET=utf8 COLLATE=utf8_unicode_ci COMMENT='Turneo de los Sorteos';

--
-- Volcado de datos para la tabla `turno`
--

INSERT INTO `turno` (`id_turno`, `nom_turno`, `pre_turno`) VALUES
(1, 'Manana', 'M'),
(2, 'Tarde', 'T'),
(3, 'Noche', 'N');

-- --------------------------------------------------------

--
-- Estructura de tabla para la tabla `usuario`
--

CREATE TABLE IF NOT EXISTS `usuario` (
  `id_usuario` int(10) NOT NULL AUTO_INCREMENT,
  `id_perfil` int(10) DEFAULT NULL,
  `nombre_usuario` varchar(80) DEFAULT NULL,
  `email_usuario` varchar(100) DEFAULT NULL,
  `login_usuario` varchar(10) DEFAULT NULL,
  `clave_usuario` varchar(10) DEFAULT NULL,
  `id_status_usuario` int(11) DEFAULT NULL COMMENT '0=Inactivo, 1=Activo',
  PRIMARY KEY (`id_usuario`),
  KEY `FK_id_perfil` (`id_perfil`)
) ENGINE=InnoDB  DEFAULT CHARSET=latin1 AUTO_INCREMENT=4 ;

--
-- Volcado de datos para la tabla `usuario`
--

INSERT INTO `usuario` (`id_usuario`, `id_perfil`, `nombre_usuario`, `email_usuario`, `login_usuario`, `clave_usuario`, `id_status_usuario`) VALUES
(1, 1, 'Gerzahim Salas', 'rasce88@gmail.com', 'admin', 'admin1', 1),
(3, 4, 'Rasce Salas', 'rasce88@gmail.com', 'yumi', '123', 1);

-- --------------------------------------------------------

--
-- Estructura de tabla para la tabla `usuarios_taquillas`
--

CREATE TABLE IF NOT EXISTS `usuarios_taquillas` (
  `id_usuario_taquilla` int(11) NOT NULL AUTO_INCREMENT,
  `id_usuario` int(11) NOT NULL,
  `id_taquilla` int(11) NOT NULL,
  `time_ping` time DEFAULT NULL,
  PRIMARY KEY (`id_usuario_taquilla`),
  KEY `id_taquilla` (`id_taquilla`)
) ENGINE=InnoDB  DEFAULT CHARSET=utf8 COLLATE=utf8_unicode_ci AUTO_INCREMENT=54 ;

-- --------------------------------------------------------

--
-- Estructura Stand-in para la vista `ver_resultados`
--
CREATE TABLE IF NOT EXISTS `ver_resultados` (
`id_resultados` int(11)
,`nombre_sorteo` varchar(25)
,`hora_sorteo` time
,`nombre_zodiacal` varchar(12)
,`numero` varchar(3)
,`fecha_hora` datetime
);
-- --------------------------------------------------------

--
-- Estructura de tabla para la tabla `zodiacal`
--

CREATE TABLE IF NOT EXISTS `zodiacal` (
  `Id_zodiacal` int(11) NOT NULL,
  `nombre_zodiacal` varchar(12) COLLATE utf8_unicode_ci NOT NULL,
  `pre_zodiacal` varchar(3) COLLATE utf8_unicode_ci NOT NULL,
  UNIQUE KEY `Id_zodiacal` (`Id_zodiacal`)
) ENGINE=InnoDB DEFAULT CHARSET=utf8 COLLATE=utf8_unicode_ci COMMENT='Signo Zodiacal';

--
-- Volcado de datos para la tabla `zodiacal`
--

INSERT INTO `zodiacal` (`Id_zodiacal`, `nombre_zodiacal`, `pre_zodiacal`) VALUES
(0, 'No Zodiacal', '**'),
(1, 'Acuario', 'Acu'),
(2, 'Aries', 'Ari'),
(3, 'Cancer', 'Can'),
(4, 'Capricornio', 'Cap'),
(5, 'Escorpio', 'Esc'),
(6, 'Geminis', 'Gem'),
(7, 'Leo', 'Leo'),
(8, 'Libra', 'Lib'),
(9, 'Piscis', 'Pis'),
(10, 'Sagitario', 'Sag'),
(11, 'Tauro', 'Tau'),
(12, 'Virgo', 'Vir');

-- --------------------------------------------------------

--
-- Estructura para la vista `ver_resultados`
--
DROP TABLE IF EXISTS `ver_resultados`;

CREATE ALGORITHM=UNDEFINED DEFINER=`root`@`127.0.0.1` SQL SECURITY DEFINER VIEW `ver_resultados` AS select `r`.`id_resultados` AS `id_resultados`,`s`.`nombre_sorteo` AS `nombre_sorteo`,`s`.`hora_sorteo` AS `hora_sorteo`,`z`.`nombre_zodiacal` AS `nombre_zodiacal`,`r`.`numero` AS `numero`,`r`.`fecha_hora` AS `fecha_hora` from ((`resultados` `r` join `sorteos` `s` on((`r`.`id_sorteo` = `s`.`id_sorteo`))) join `zodiacal` `z` on((`r`.`zodiacal` = `z`.`Id_zodiacal`))) where 1;

--
-- Restricciones para tablas volcadas
--

--
-- Filtros para la tabla `cupo_especial`
--
ALTER TABLE `cupo_especial`
  ADD CONSTRAINT `cupo_especial_ibfk_1` FOREIGN KEY (`id_tipo_jugada`) REFERENCES `tipo_jugadas` (`id_tipo_jugada`) ON DELETE CASCADE ON UPDATE CASCADE,
  ADD CONSTRAINT `cupo_especial_ibfk_2` FOREIGN KEY (`id_zodiacal`) REFERENCES `zodiacal` (`Id_zodiacal`) ON DELETE CASCADE ON UPDATE CASCADE,
  ADD CONSTRAINT `FK_id_sorteo` FOREIGN KEY (`id_sorteo`) REFERENCES `sorteos` (`id_sorteo`) ON DELETE CASCADE ON UPDATE CASCADE;

--
-- Filtros para la tabla `cupo_general`
--
ALTER TABLE `cupo_general`
  ADD CONSTRAINT `FK_id_tipo_jugadas` FOREIGN KEY (`id_tipo_jugada`) REFERENCES `tipo_jugadas` (`id_tipo_jugada`) ON DELETE CASCADE ON UPDATE CASCADE;

--
-- Filtros para la tabla `detalle_ticket`
--
ALTER TABLE `detalle_ticket`
  ADD CONSTRAINT `detalle_ticket_ibfk_1` FOREIGN KEY (`id_ticket`) REFERENCES `ticket` (`id_ticket`) ON DELETE CASCADE ON UPDATE CASCADE,
  ADD CONSTRAINT `detalle_ticket_ibfk_2` FOREIGN KEY (`id_tipo_jugada`) REFERENCES `tipo_jugadas` (`id_tipo_jugada`) ON DELETE CASCADE ON UPDATE CASCADE;

--
-- Filtros para la tabla `impresora_taquillas`
--
ALTER TABLE `impresora_taquillas`
  ADD CONSTRAINT `impresora_taquillas_ibfk_1` FOREIGN KEY (`id_taquilla`) REFERENCES `taquillas` (`id_taquilla`) ON DELETE CASCADE ON UPDATE CASCADE;

--
-- Filtros para la tabla `incompletos_agotados`
--
ALTER TABLE `incompletos_agotados`
  ADD CONSTRAINT `incompletos_agotados_ibfk_1` FOREIGN KEY (`id_sorteo`) REFERENCES `sorteos` (`id_sorteo`) ON DELETE CASCADE ON UPDATE CASCADE,
  ADD CONSTRAINT `incompletos_agotados_ibfk_2` FOREIGN KEY (`id_tipo_jugada`) REFERENCES `tipo_jugadas` (`id_tipo_jugada`) ON DELETE CASCADE ON UPDATE CASCADE,
  ADD CONSTRAINT `incompletos_agotados_ibfk_3` FOREIGN KEY (`id_zodiacal`) REFERENCES `zodiacal` (`Id_zodiacal`) ON DELETE CASCADE ON UPDATE CASCADE,
  ADD CONSTRAINT `incompletos_agotados_ibfk_4` FOREIGN KEY (`id_ticket`) REFERENCES `ticket` (`id_ticket`) ON DELETE CASCADE ON UPDATE CASCADE;

--
-- Filtros para la tabla `numeros_jugados`
--
ALTER TABLE `numeros_jugados`
  ADD CONSTRAINT `numeros_jugados_ibfk_1` FOREIGN KEY (`id_sorteo`) REFERENCES `sorteos` (`id_sorteo`) ON DELETE CASCADE ON UPDATE CASCADE,
  ADD CONSTRAINT `numeros_jugados_ibfk_2` FOREIGN KEY (`id_tipo_jugada`) REFERENCES `tipo_jugadas` (`id_tipo_jugada`) ON DELETE CASCADE ON UPDATE CASCADE,
  ADD CONSTRAINT `numeros_jugados_ibfk_3` FOREIGN KEY (`id_zodiacal`) REFERENCES `zodiacal` (`Id_zodiacal`) ON DELETE CASCADE ON UPDATE CASCADE;

--
-- Filtros para la tabla `relacion_pagos`
--
ALTER TABLE `relacion_pagos`
  ADD CONSTRAINT `relacion_pagos_ibfk_1` FOREIGN KEY (`id_tipo_jugada`) REFERENCES `tipo_jugadas` (`id_tipo_jugada`) ON DELETE CASCADE ON UPDATE CASCADE;

--
-- Filtros para la tabla `resultados`
--
ALTER TABLE `resultados`
  ADD CONSTRAINT `resultados_ibfk_1` FOREIGN KEY (`id_sorteo`) REFERENCES `sorteos` (`id_sorteo`) ON DELETE CASCADE ON UPDATE CASCADE,
  ADD CONSTRAINT `resultados_ibfk_2` FOREIGN KEY (`zodiacal`) REFERENCES `zodiacal` (`Id_zodiacal`) ON DELETE CASCADE ON UPDATE CASCADE;

--
-- Filtros para la tabla `sorteos`
--
ALTER TABLE `sorteos`
  ADD CONSTRAINT `FK_id_loteria` FOREIGN KEY (`id_loteria`) REFERENCES `loterias` (`id_loteria`) ON DELETE CASCADE ON UPDATE CASCADE,
  ADD CONSTRAINT `FK_zodiacal` FOREIGN KEY (`zodiacal`) REFERENCES `zodiacal` (`Id_zodiacal`) ON DELETE CASCADE ON UPDATE CASCADE,
  ADD CONSTRAINT `turno_fk` FOREIGN KEY (`id_turno`) REFERENCES `turno` (`id_turno`) ON DELETE CASCADE ON UPDATE CASCADE;

--
-- Filtros para la tabla `ticket_transaccional`
--
ALTER TABLE `ticket_transaccional`
  ADD CONSTRAINT `ticket_transaccional_ibfk_1` FOREIGN KEY (`id_sorteo`) REFERENCES `sorteos` (`id_sorteo`) ON DELETE CASCADE ON UPDATE CASCADE,
  ADD CONSTRAINT `ticket_transaccional_ibfk_2` FOREIGN KEY (`id_zodiacal`) REFERENCES `zodiacal` (`Id_zodiacal`) ON DELETE CASCADE ON UPDATE CASCADE,
  ADD CONSTRAINT `ticket_transaccional_ibfk_3` FOREIGN KEY (`id_tipo_jugada`) REFERENCES `tipo_jugadas` (`id_tipo_jugada`) ON DELETE CASCADE ON UPDATE CASCADE,
  ADD CONSTRAINT `ticket_transaccional_ibfk_4` FOREIGN KEY (`id_taquilla`) REFERENCES `taquillas` (`id_taquilla`) ON DELETE CASCADE ON UPDATE CASCADE;

--
-- Filtros para la tabla `usuario`
--
ALTER TABLE `usuario`
  ADD CONSTRAINT `FK_id_perfil` FOREIGN KEY (`id_perfil`) REFERENCES `perfil` (`id_perfil`) ON DELETE CASCADE ON UPDATE CASCADE;

/*!40101 SET CHARACTER_SET_CLIENT=@OLD_CHARACTER_SET_CLIENT */;
/*!40101 SET CHARACTER_SET_RESULTS=@OLD_CHARACTER_SET_RESULTS */;
/*!40101 SET COLLATION_CONNECTION=@OLD_COLLATION_CONNECTION */;
