-- phpMyAdmin SQL Dump
-- version 3.4.11.1deb2
-- http://www.phpmyadmin.net
--
-- Servidor: localhost
-- Tiempo de generación: 12-02-2014 a las 10:28:08
-- Versión del servidor: 5.5.31
-- Versión de PHP: 5.4.4-14+deb7u4

SET SQL_MODE="NO_AUTO_VALUE_ON_ZERO";
SET time_zone = "+00:00";


/*!40101 SET @OLD_CHARACTER_SET_CLIENT=@@CHARACTER_SET_CLIENT */;
/*!40101 SET @OLD_CHARACTER_SET_RESULTS=@@CHARACTER_SET_RESULTS */;
/*!40101 SET @OLD_COLLATION_CONNECTION=@@COLLATION_CONNECTION */;
/*!40101 SET NAMES utf8 */;

--
-- Base de datos: `lottomax`
--

-- --------------------------------------------------------

--
-- Estructura de tabla para la tabla `cupo_especial`
--

CREATE TABLE IF NOT EXISTS `cupo_especial` (
  `id_cupo_especial` int(11) NOT NULL AUTO_INCREMENT,
  `numero` int(11) NOT NULL,
  `id_sorteo` int(11) NOT NULL DEFAULT '0',
  `monto_cupo` int(11) NOT NULL COMMENT '0=Numero Bloqueado o Agotado',
  `id_tipo_jugada` int(11) NOT NULL,
  `id_zodiacal` int(11) NOT NULL DEFAULT '0',
  `fecha_desde` timestamp NOT NULL DEFAULT '0000-00-00 00:00:00',
  `fecha_hasta` timestamp NOT NULL DEFAULT '0000-00-00 00:00:00',
  PRIMARY KEY (`id_cupo_especial`),
  KEY `FK_id_sorteo` (`id_sorteo`),
  KEY `id_tipo_jugada` (`id_tipo_jugada`),
  KEY `id_zodiacal` (`id_zodiacal`)
) ENGINE=InnoDB  DEFAULT CHARSET=utf8 COLLATE=utf8_unicode_ci AUTO_INCREMENT=310 ;

--
-- Volcado de datos para la tabla `cupo_especial`
--

INSERT INTO `cupo_especial` (`id_cupo_especial`, `numero`, `id_sorteo`, `monto_cupo`, `id_tipo_jugada`, `id_zodiacal`, `fecha_desde`, `fecha_hasta`) VALUES
(1, 56, 4, 10, 2, 0, '2014-02-04 04:30:00', '2014-02-07 04:30:00'),
(2, 56, 5, 10, 2, 0, '2014-02-04 04:30:00', '2014-02-07 04:30:00'),
(3, 56, 6, 10, 2, 0, '2014-02-04 04:30:00', '2014-02-07 04:30:00'),
(4, 56, 1, 10, 2, 0, '2014-02-04 04:30:00', '2014-02-07 04:30:00'),
(5, 56, 2, 10, 2, 0, '2014-02-04 04:30:00', '2014-02-07 04:30:00'),
(6, 56, 11, 10, 2, 0, '2014-02-04 04:30:00', '2014-02-07 04:30:00'),
(7, 56, 12, 10, 2, 0, '2014-02-04 04:30:00', '2014-02-07 04:30:00'),
(8, 56, 13, 10, 2, 0, '2014-02-04 04:30:00', '2014-02-07 04:30:00'),
(9, 56, 8, 10, 2, 0, '2014-02-04 04:30:00', '2014-02-07 04:30:00'),
(10, 56, 9, 10, 2, 0, '2014-02-04 04:30:00', '2014-02-07 04:30:00'),
(11, 56, 15, 10, 2, 0, '2014-02-04 04:30:00', '2014-02-07 04:30:00'),
(12, 56, 16, 10, 2, 0, '2014-02-04 04:30:00', '2014-02-07 04:30:00'),
(13, 56, 17, 10, 2, 0, '2014-02-04 04:30:00', '2014-02-07 04:30:00'),
(14, 56, 19, 10, 2, 0, '2014-02-04 04:30:00', '2014-02-07 04:30:00'),
(15, 56, 20, 10, 2, 0, '2014-02-04 04:30:00', '2014-02-07 04:30:00'),
(16, 56, 21, 10, 2, 0, '2014-02-04 04:30:00', '2014-02-07 04:30:00'),
(17, 56, 67, 10, 2, 0, '2014-02-04 04:30:00', '2014-02-07 04:30:00'),
(18, 56, 68, 10, 2, 0, '2014-02-04 04:30:00', '2014-02-07 04:30:00'),
(19, 56, 69, 10, 2, 0, '2014-02-04 04:30:00', '2014-02-07 04:30:00'),
(20, 56, 23, 10, 2, 0, '2014-02-04 04:30:00', '2014-02-07 04:30:00'),
(21, 56, 24, 10, 2, 0, '2014-02-04 04:30:00', '2014-02-07 04:30:00'),
(22, 56, 30, 10, 2, 0, '2014-02-04 04:30:00', '2014-02-07 04:30:00'),
(23, 56, 31, 10, 2, 0, '2014-02-04 04:30:00', '2014-02-07 04:30:00'),
(24, 56, 32, 10, 2, 0, '2014-02-04 04:30:00', '2014-02-07 04:30:00'),
(25, 56, 26, 10, 2, 0, '2014-02-04 04:30:00', '2014-02-07 04:30:00'),
(26, 56, 27, 10, 2, 0, '2014-02-04 04:30:00', '2014-02-07 04:30:00'),
(27, 56, 28, 10, 2, 0, '2014-02-04 04:30:00', '2014-02-07 04:30:00'),
(28, 56, 71, 10, 2, 0, '2014-02-04 04:30:00', '2014-02-07 04:30:00'),
(29, 56, 72, 10, 2, 0, '2014-02-04 04:30:00', '2014-02-07 04:30:00'),
(30, 56, 73, 10, 2, 0, '2014-02-04 04:30:00', '2014-02-07 04:30:00'),
(31, 56, 34, 10, 2, 0, '2014-02-04 04:30:00', '2014-02-07 04:30:00'),
(32, 56, 35, 10, 2, 0, '2014-02-04 04:30:00', '2014-02-07 04:30:00'),
(33, 56, 37, 10, 2, 0, '2014-02-04 04:30:00', '2014-02-07 04:30:00'),
(34, 56, 38, 10, 2, 0, '2014-02-04 04:30:00', '2014-02-07 04:30:00'),
(35, 56, 39, 10, 2, 0, '2014-02-04 04:30:00', '2014-02-07 04:30:00'),
(36, 56, 41, 10, 2, 0, '2014-02-04 04:30:00', '2014-02-07 04:30:00'),
(37, 56, 42, 10, 2, 0, '2014-02-04 04:30:00', '2014-02-07 04:30:00'),
(38, 56, 43, 10, 2, 0, '2014-02-04 04:30:00', '2014-02-07 04:30:00'),
(39, 56, 45, 10, 2, 0, '2014-02-04 04:30:00', '2014-02-07 04:30:00'),
(40, 56, 46, 10, 2, 0, '2014-02-04 04:30:00', '2014-02-07 04:30:00'),
(41, 56, 51, 10, 2, 0, '2014-02-04 04:30:00', '2014-02-07 04:30:00'),
(42, 56, 52, 10, 2, 0, '2014-02-04 04:30:00', '2014-02-07 04:30:00'),
(43, 56, 53, 10, 2, 0, '2014-02-04 04:30:00', '2014-02-07 04:30:00'),
(44, 56, 75, 10, 2, 0, '2014-02-04 04:30:00', '2014-02-07 04:30:00'),
(45, 56, 76, 10, 2, 0, '2014-02-04 04:30:00', '2014-02-07 04:30:00'),
(46, 56, 77, 10, 2, 0, '2014-02-04 04:30:00', '2014-02-07 04:30:00'),
(47, 56, 48, 10, 2, 0, '2014-02-04 04:30:00', '2014-02-07 04:30:00'),
(48, 56, 49, 10, 2, 0, '2014-02-04 04:30:00', '2014-02-07 04:30:00'),
(49, 56, 55, 10, 2, 0, '2014-02-04 04:30:00', '2014-02-07 04:30:00'),
(50, 56, 56, 10, 2, 0, '2014-02-04 04:30:00', '2014-02-07 04:30:00'),
(51, 56, 57, 10, 2, 0, '2014-02-04 04:30:00', '2014-02-07 04:30:00'),
(52, 56, 59, 10, 2, 0, '2014-02-04 04:30:00', '2014-02-07 04:30:00'),
(53, 56, 60, 10, 2, 0, '2014-02-04 04:30:00', '2014-02-07 04:30:00'),
(54, 56, 61, 10, 2, 0, '2014-02-04 04:30:00', '2014-02-07 04:30:00'),
(55, 56, 63, 10, 2, 0, '2014-02-04 04:30:00', '2014-02-07 04:30:00'),
(56, 56, 64, 10, 2, 0, '2014-02-04 04:30:00', '2014-02-07 04:30:00'),
(57, 56, 65, 10, 2, 0, '2014-02-04 04:30:00', '2014-02-07 04:30:00'),
(58, 56, 3, 10, 4, 1, '2014-02-04 04:30:00', '2014-02-07 04:30:00'),
(59, 56, 3, 10, 4, 2, '2014-02-04 04:30:00', '2014-02-07 04:30:00'),
(60, 56, 3, 10, 4, 3, '2014-02-04 04:30:00', '2014-02-07 04:30:00'),
(61, 56, 3, 10, 4, 4, '2014-02-04 04:30:00', '2014-02-07 04:30:00'),
(62, 56, 3, 10, 4, 5, '2014-02-04 04:30:00', '2014-02-07 04:30:00'),
(63, 56, 3, 10, 4, 6, '2014-02-04 04:30:00', '2014-02-07 04:30:00'),
(64, 56, 3, 10, 4, 7, '2014-02-04 04:30:00', '2014-02-07 04:30:00'),
(65, 56, 3, 10, 4, 8, '2014-02-04 04:30:00', '2014-02-07 04:30:00'),
(66, 56, 3, 10, 4, 9, '2014-02-04 04:30:00', '2014-02-07 04:30:00'),
(67, 56, 3, 10, 4, 10, '2014-02-04 04:30:00', '2014-02-07 04:30:00'),
(68, 56, 3, 10, 4, 11, '2014-02-04 04:30:00', '2014-02-07 04:30:00'),
(69, 56, 3, 10, 4, 12, '2014-02-04 04:30:00', '2014-02-07 04:30:00'),
(70, 56, 7, 10, 4, 1, '2014-02-04 04:30:00', '2014-02-07 04:30:00'),
(71, 56, 7, 10, 4, 2, '2014-02-04 04:30:00', '2014-02-07 04:30:00'),
(72, 56, 7, 10, 4, 3, '2014-02-04 04:30:00', '2014-02-07 04:30:00'),
(73, 56, 7, 10, 4, 4, '2014-02-04 04:30:00', '2014-02-07 04:30:00'),
(74, 56, 7, 10, 4, 5, '2014-02-04 04:30:00', '2014-02-07 04:30:00'),
(75, 56, 7, 10, 4, 6, '2014-02-04 04:30:00', '2014-02-07 04:30:00'),
(76, 56, 7, 10, 4, 7, '2014-02-04 04:30:00', '2014-02-07 04:30:00'),
(77, 56, 7, 10, 4, 8, '2014-02-04 04:30:00', '2014-02-07 04:30:00'),
(78, 56, 7, 10, 4, 9, '2014-02-04 04:30:00', '2014-02-07 04:30:00'),
(79, 56, 7, 10, 4, 10, '2014-02-04 04:30:00', '2014-02-07 04:30:00'),
(80, 56, 7, 10, 4, 11, '2014-02-04 04:30:00', '2014-02-07 04:30:00'),
(81, 56, 7, 10, 4, 12, '2014-02-04 04:30:00', '2014-02-07 04:30:00'),
(82, 56, 14, 10, 4, 1, '2014-02-04 04:30:00', '2014-02-07 04:30:00'),
(83, 56, 14, 10, 4, 2, '2014-02-04 04:30:00', '2014-02-07 04:30:00'),
(84, 56, 14, 10, 4, 3, '2014-02-04 04:30:00', '2014-02-07 04:30:00'),
(85, 56, 14, 10, 4, 4, '2014-02-04 04:30:00', '2014-02-07 04:30:00'),
(86, 56, 14, 10, 4, 5, '2014-02-04 04:30:00', '2014-02-07 04:30:00'),
(87, 56, 14, 10, 4, 6, '2014-02-04 04:30:00', '2014-02-07 04:30:00'),
(88, 56, 14, 10, 4, 7, '2014-02-04 04:30:00', '2014-02-07 04:30:00'),
(89, 56, 14, 10, 4, 8, '2014-02-04 04:30:00', '2014-02-07 04:30:00'),
(90, 56, 14, 10, 4, 9, '2014-02-04 04:30:00', '2014-02-07 04:30:00'),
(91, 56, 14, 10, 4, 10, '2014-02-04 04:30:00', '2014-02-07 04:30:00'),
(92, 56, 14, 10, 4, 11, '2014-02-04 04:30:00', '2014-02-07 04:30:00'),
(93, 56, 14, 10, 4, 12, '2014-02-04 04:30:00', '2014-02-07 04:30:00'),
(94, 56, 10, 10, 4, 1, '2014-02-04 04:30:00', '2014-02-07 04:30:00'),
(95, 56, 10, 10, 4, 2, '2014-02-04 04:30:00', '2014-02-07 04:30:00'),
(96, 56, 10, 10, 4, 3, '2014-02-04 04:30:00', '2014-02-07 04:30:00'),
(97, 56, 10, 10, 4, 4, '2014-02-04 04:30:00', '2014-02-07 04:30:00'),
(98, 56, 10, 10, 4, 5, '2014-02-04 04:30:00', '2014-02-07 04:30:00'),
(99, 56, 10, 10, 4, 6, '2014-02-04 04:30:00', '2014-02-07 04:30:00'),
(100, 56, 10, 10, 4, 7, '2014-02-04 04:30:00', '2014-02-07 04:30:00'),
(101, 56, 10, 10, 4, 8, '2014-02-04 04:30:00', '2014-02-07 04:30:00'),
(102, 56, 10, 10, 4, 9, '2014-02-04 04:30:00', '2014-02-07 04:30:00'),
(103, 56, 10, 10, 4, 10, '2014-02-04 04:30:00', '2014-02-07 04:30:00'),
(104, 56, 10, 10, 4, 11, '2014-02-04 04:30:00', '2014-02-07 04:30:00'),
(105, 56, 10, 10, 4, 12, '2014-02-04 04:30:00', '2014-02-07 04:30:00'),
(106, 56, 18, 10, 4, 1, '2014-02-04 04:30:00', '2014-02-07 04:30:00'),
(107, 56, 18, 10, 4, 2, '2014-02-04 04:30:00', '2014-02-07 04:30:00'),
(108, 56, 18, 10, 4, 3, '2014-02-04 04:30:00', '2014-02-07 04:30:00'),
(109, 56, 18, 10, 4, 4, '2014-02-04 04:30:00', '2014-02-07 04:30:00'),
(110, 56, 18, 10, 4, 5, '2014-02-04 04:30:00', '2014-02-07 04:30:00'),
(111, 56, 18, 10, 4, 6, '2014-02-04 04:30:00', '2014-02-07 04:30:00'),
(112, 56, 18, 10, 4, 7, '2014-02-04 04:30:00', '2014-02-07 04:30:00'),
(113, 56, 18, 10, 4, 8, '2014-02-04 04:30:00', '2014-02-07 04:30:00'),
(114, 56, 18, 10, 4, 9, '2014-02-04 04:30:00', '2014-02-07 04:30:00'),
(115, 56, 18, 10, 4, 10, '2014-02-04 04:30:00', '2014-02-07 04:30:00'),
(116, 56, 18, 10, 4, 11, '2014-02-04 04:30:00', '2014-02-07 04:30:00'),
(117, 56, 18, 10, 4, 12, '2014-02-04 04:30:00', '2014-02-07 04:30:00'),
(118, 56, 22, 10, 4, 1, '2014-02-04 04:30:00', '2014-02-07 04:30:00'),
(119, 56, 22, 10, 4, 2, '2014-02-04 04:30:00', '2014-02-07 04:30:00'),
(120, 56, 22, 10, 4, 3, '2014-02-04 04:30:00', '2014-02-07 04:30:00'),
(121, 56, 22, 10, 4, 4, '2014-02-04 04:30:00', '2014-02-07 04:30:00'),
(122, 56, 22, 10, 4, 5, '2014-02-04 04:30:00', '2014-02-07 04:30:00'),
(123, 56, 22, 10, 4, 6, '2014-02-04 04:30:00', '2014-02-07 04:30:00'),
(124, 56, 22, 10, 4, 7, '2014-02-04 04:30:00', '2014-02-07 04:30:00'),
(125, 56, 22, 10, 4, 8, '2014-02-04 04:30:00', '2014-02-07 04:30:00'),
(126, 56, 22, 10, 4, 9, '2014-02-04 04:30:00', '2014-02-07 04:30:00'),
(127, 56, 22, 10, 4, 10, '2014-02-04 04:30:00', '2014-02-07 04:30:00'),
(128, 56, 22, 10, 4, 11, '2014-02-04 04:30:00', '2014-02-07 04:30:00'),
(129, 56, 22, 10, 4, 12, '2014-02-04 04:30:00', '2014-02-07 04:30:00'),
(130, 56, 70, 10, 4, 1, '2014-02-04 04:30:00', '2014-02-07 04:30:00'),
(131, 56, 70, 10, 4, 2, '2014-02-04 04:30:00', '2014-02-07 04:30:00'),
(132, 56, 70, 10, 4, 3, '2014-02-04 04:30:00', '2014-02-07 04:30:00'),
(133, 56, 70, 10, 4, 4, '2014-02-04 04:30:00', '2014-02-07 04:30:00'),
(134, 56, 70, 10, 4, 5, '2014-02-04 04:30:00', '2014-02-07 04:30:00'),
(135, 56, 70, 10, 4, 6, '2014-02-04 04:30:00', '2014-02-07 04:30:00'),
(136, 56, 70, 10, 4, 7, '2014-02-04 04:30:00', '2014-02-07 04:30:00'),
(137, 56, 70, 10, 4, 8, '2014-02-04 04:30:00', '2014-02-07 04:30:00'),
(138, 56, 70, 10, 4, 9, '2014-02-04 04:30:00', '2014-02-07 04:30:00'),
(139, 56, 70, 10, 4, 10, '2014-02-04 04:30:00', '2014-02-07 04:30:00'),
(140, 56, 70, 10, 4, 11, '2014-02-04 04:30:00', '2014-02-07 04:30:00'),
(141, 56, 70, 10, 4, 12, '2014-02-04 04:30:00', '2014-02-07 04:30:00'),
(142, 56, 25, 10, 4, 1, '2014-02-04 04:30:00', '2014-02-07 04:30:00'),
(143, 56, 25, 10, 4, 2, '2014-02-04 04:30:00', '2014-02-07 04:30:00'),
(144, 56, 25, 10, 4, 3, '2014-02-04 04:30:00', '2014-02-07 04:30:00'),
(145, 56, 25, 10, 4, 4, '2014-02-04 04:30:00', '2014-02-07 04:30:00'),
(146, 56, 25, 10, 4, 5, '2014-02-04 04:30:00', '2014-02-07 04:30:00'),
(147, 56, 25, 10, 4, 6, '2014-02-04 04:30:00', '2014-02-07 04:30:00'),
(148, 56, 25, 10, 4, 7, '2014-02-04 04:30:00', '2014-02-07 04:30:00'),
(149, 56, 25, 10, 4, 8, '2014-02-04 04:30:00', '2014-02-07 04:30:00'),
(150, 56, 25, 10, 4, 9, '2014-02-04 04:30:00', '2014-02-07 04:30:00'),
(151, 56, 25, 10, 4, 10, '2014-02-04 04:30:00', '2014-02-07 04:30:00'),
(152, 56, 25, 10, 4, 11, '2014-02-04 04:30:00', '2014-02-07 04:30:00'),
(153, 56, 25, 10, 4, 12, '2014-02-04 04:30:00', '2014-02-07 04:30:00'),
(154, 56, 33, 10, 4, 1, '2014-02-04 04:30:00', '2014-02-07 04:30:00'),
(155, 56, 33, 10, 4, 2, '2014-02-04 04:30:00', '2014-02-07 04:30:00'),
(156, 56, 33, 10, 4, 3, '2014-02-04 04:30:00', '2014-02-07 04:30:00'),
(157, 56, 33, 10, 4, 4, '2014-02-04 04:30:00', '2014-02-07 04:30:00'),
(158, 56, 33, 10, 4, 5, '2014-02-04 04:30:00', '2014-02-07 04:30:00'),
(159, 56, 33, 10, 4, 6, '2014-02-04 04:30:00', '2014-02-07 04:30:00'),
(160, 56, 33, 10, 4, 7, '2014-02-04 04:30:00', '2014-02-07 04:30:00'),
(161, 56, 33, 10, 4, 8, '2014-02-04 04:30:00', '2014-02-07 04:30:00'),
(162, 56, 33, 10, 4, 9, '2014-02-04 04:30:00', '2014-02-07 04:30:00'),
(163, 56, 33, 10, 4, 10, '2014-02-04 04:30:00', '2014-02-07 04:30:00'),
(164, 56, 33, 10, 4, 11, '2014-02-04 04:30:00', '2014-02-07 04:30:00'),
(165, 56, 33, 10, 4, 12, '2014-02-04 04:30:00', '2014-02-07 04:30:00'),
(166, 56, 74, 10, 4, 1, '2014-02-04 04:30:00', '2014-02-07 04:30:00'),
(167, 56, 74, 10, 4, 2, '2014-02-04 04:30:00', '2014-02-07 04:30:00'),
(168, 56, 74, 10, 4, 3, '2014-02-04 04:30:00', '2014-02-07 04:30:00'),
(169, 56, 74, 10, 4, 4, '2014-02-04 04:30:00', '2014-02-07 04:30:00'),
(170, 56, 74, 10, 4, 5, '2014-02-04 04:30:00', '2014-02-07 04:30:00'),
(171, 56, 74, 10, 4, 6, '2014-02-04 04:30:00', '2014-02-07 04:30:00'),
(172, 56, 74, 10, 4, 7, '2014-02-04 04:30:00', '2014-02-07 04:30:00'),
(173, 56, 74, 10, 4, 8, '2014-02-04 04:30:00', '2014-02-07 04:30:00'),
(174, 56, 74, 10, 4, 9, '2014-02-04 04:30:00', '2014-02-07 04:30:00'),
(175, 56, 74, 10, 4, 10, '2014-02-04 04:30:00', '2014-02-07 04:30:00'),
(176, 56, 74, 10, 4, 11, '2014-02-04 04:30:00', '2014-02-07 04:30:00'),
(177, 56, 74, 10, 4, 12, '2014-02-04 04:30:00', '2014-02-07 04:30:00'),
(178, 56, 29, 10, 4, 1, '2014-02-04 04:30:00', '2014-02-07 04:30:00'),
(179, 56, 29, 10, 4, 2, '2014-02-04 04:30:00', '2014-02-07 04:30:00'),
(180, 56, 29, 10, 4, 3, '2014-02-04 04:30:00', '2014-02-07 04:30:00'),
(181, 56, 29, 10, 4, 4, '2014-02-04 04:30:00', '2014-02-07 04:30:00'),
(182, 56, 29, 10, 4, 5, '2014-02-04 04:30:00', '2014-02-07 04:30:00'),
(183, 56, 29, 10, 4, 6, '2014-02-04 04:30:00', '2014-02-07 04:30:00'),
(184, 56, 29, 10, 4, 7, '2014-02-04 04:30:00', '2014-02-07 04:30:00'),
(185, 56, 29, 10, 4, 8, '2014-02-04 04:30:00', '2014-02-07 04:30:00'),
(186, 56, 29, 10, 4, 9, '2014-02-04 04:30:00', '2014-02-07 04:30:00'),
(187, 56, 29, 10, 4, 10, '2014-02-04 04:30:00', '2014-02-07 04:30:00'),
(188, 56, 29, 10, 4, 11, '2014-02-04 04:30:00', '2014-02-07 04:30:00'),
(189, 56, 29, 10, 4, 12, '2014-02-04 04:30:00', '2014-02-07 04:30:00'),
(190, 56, 36, 10, 4, 1, '2014-02-04 04:30:00', '2014-02-07 04:30:00'),
(191, 56, 36, 10, 4, 2, '2014-02-04 04:30:00', '2014-02-07 04:30:00'),
(192, 56, 36, 10, 4, 3, '2014-02-04 04:30:00', '2014-02-07 04:30:00'),
(193, 56, 36, 10, 4, 4, '2014-02-04 04:30:00', '2014-02-07 04:30:00'),
(194, 56, 36, 10, 4, 5, '2014-02-04 04:30:00', '2014-02-07 04:30:00'),
(195, 56, 36, 10, 4, 6, '2014-02-04 04:30:00', '2014-02-07 04:30:00'),
(196, 56, 36, 10, 4, 7, '2014-02-04 04:30:00', '2014-02-07 04:30:00'),
(197, 56, 36, 10, 4, 8, '2014-02-04 04:30:00', '2014-02-07 04:30:00'),
(198, 56, 36, 10, 4, 9, '2014-02-04 04:30:00', '2014-02-07 04:30:00'),
(199, 56, 36, 10, 4, 10, '2014-02-04 04:30:00', '2014-02-07 04:30:00'),
(200, 56, 36, 10, 4, 11, '2014-02-04 04:30:00', '2014-02-07 04:30:00'),
(201, 56, 36, 10, 4, 12, '2014-02-04 04:30:00', '2014-02-07 04:30:00'),
(202, 56, 40, 10, 4, 1, '2014-02-04 04:30:00', '2014-02-07 04:30:00'),
(203, 56, 40, 10, 4, 2, '2014-02-04 04:30:00', '2014-02-07 04:30:00'),
(204, 56, 40, 10, 4, 3, '2014-02-04 04:30:00', '2014-02-07 04:30:00'),
(205, 56, 40, 10, 4, 4, '2014-02-04 04:30:00', '2014-02-07 04:30:00'),
(206, 56, 40, 10, 4, 5, '2014-02-04 04:30:00', '2014-02-07 04:30:00'),
(207, 56, 40, 10, 4, 6, '2014-02-04 04:30:00', '2014-02-07 04:30:00'),
(208, 56, 40, 10, 4, 7, '2014-02-04 04:30:00', '2014-02-07 04:30:00'),
(209, 56, 40, 10, 4, 8, '2014-02-04 04:30:00', '2014-02-07 04:30:00'),
(210, 56, 40, 10, 4, 9, '2014-02-04 04:30:00', '2014-02-07 04:30:00'),
(211, 56, 40, 10, 4, 10, '2014-02-04 04:30:00', '2014-02-07 04:30:00'),
(212, 56, 40, 10, 4, 11, '2014-02-04 04:30:00', '2014-02-07 04:30:00'),
(213, 56, 40, 10, 4, 12, '2014-02-04 04:30:00', '2014-02-07 04:30:00'),
(214, 56, 44, 10, 4, 1, '2014-02-04 04:30:00', '2014-02-07 04:30:00'),
(215, 56, 44, 10, 4, 2, '2014-02-04 04:30:00', '2014-02-07 04:30:00'),
(216, 56, 44, 10, 4, 3, '2014-02-04 04:30:00', '2014-02-07 04:30:00'),
(217, 56, 44, 10, 4, 4, '2014-02-04 04:30:00', '2014-02-07 04:30:00'),
(218, 56, 44, 10, 4, 5, '2014-02-04 04:30:00', '2014-02-07 04:30:00'),
(219, 56, 44, 10, 4, 6, '2014-02-04 04:30:00', '2014-02-07 04:30:00'),
(220, 56, 44, 10, 4, 7, '2014-02-04 04:30:00', '2014-02-07 04:30:00'),
(221, 56, 44, 10, 4, 8, '2014-02-04 04:30:00', '2014-02-07 04:30:00'),
(222, 56, 44, 10, 4, 9, '2014-02-04 04:30:00', '2014-02-07 04:30:00'),
(223, 56, 44, 10, 4, 10, '2014-02-04 04:30:00', '2014-02-07 04:30:00'),
(224, 56, 44, 10, 4, 11, '2014-02-04 04:30:00', '2014-02-07 04:30:00'),
(225, 56, 44, 10, 4, 12, '2014-02-04 04:30:00', '2014-02-07 04:30:00'),
(226, 56, 47, 10, 4, 1, '2014-02-04 04:30:00', '2014-02-07 04:30:00'),
(227, 56, 47, 10, 4, 2, '2014-02-04 04:30:00', '2014-02-07 04:30:00'),
(228, 56, 47, 10, 4, 3, '2014-02-04 04:30:00', '2014-02-07 04:30:00'),
(229, 56, 47, 10, 4, 4, '2014-02-04 04:30:00', '2014-02-07 04:30:00'),
(230, 56, 47, 10, 4, 5, '2014-02-04 04:30:00', '2014-02-07 04:30:00'),
(231, 56, 47, 10, 4, 6, '2014-02-04 04:30:00', '2014-02-07 04:30:00'),
(232, 56, 47, 10, 4, 7, '2014-02-04 04:30:00', '2014-02-07 04:30:00'),
(233, 56, 47, 10, 4, 8, '2014-02-04 04:30:00', '2014-02-07 04:30:00'),
(234, 56, 47, 10, 4, 9, '2014-02-04 04:30:00', '2014-02-07 04:30:00'),
(235, 56, 47, 10, 4, 10, '2014-02-04 04:30:00', '2014-02-07 04:30:00'),
(236, 56, 47, 10, 4, 11, '2014-02-04 04:30:00', '2014-02-07 04:30:00'),
(237, 56, 47, 10, 4, 12, '2014-02-04 04:30:00', '2014-02-07 04:30:00'),
(238, 56, 54, 10, 4, 1, '2014-02-04 04:30:00', '2014-02-07 04:30:00'),
(239, 56, 54, 10, 4, 2, '2014-02-04 04:30:00', '2014-02-07 04:30:00'),
(240, 56, 54, 10, 4, 3, '2014-02-04 04:30:00', '2014-02-07 04:30:00'),
(241, 56, 54, 10, 4, 4, '2014-02-04 04:30:00', '2014-02-07 04:30:00'),
(242, 56, 54, 10, 4, 5, '2014-02-04 04:30:00', '2014-02-07 04:30:00'),
(243, 56, 54, 10, 4, 6, '2014-02-04 04:30:00', '2014-02-07 04:30:00'),
(244, 56, 54, 10, 4, 7, '2014-02-04 04:30:00', '2014-02-07 04:30:00'),
(245, 56, 54, 10, 4, 8, '2014-02-04 04:30:00', '2014-02-07 04:30:00'),
(246, 56, 54, 10, 4, 9, '2014-02-04 04:30:00', '2014-02-07 04:30:00'),
(247, 56, 54, 10, 4, 10, '2014-02-04 04:30:00', '2014-02-07 04:30:00'),
(248, 56, 54, 10, 4, 11, '2014-02-04 04:30:00', '2014-02-07 04:30:00'),
(249, 56, 54, 10, 4, 12, '2014-02-04 04:30:00', '2014-02-07 04:30:00'),
(250, 56, 78, 10, 4, 1, '2014-02-04 04:30:00', '2014-02-07 04:30:00'),
(251, 56, 78, 10, 4, 2, '2014-02-04 04:30:00', '2014-02-07 04:30:00'),
(252, 56, 78, 10, 4, 3, '2014-02-04 04:30:00', '2014-02-07 04:30:00'),
(253, 56, 78, 10, 4, 4, '2014-02-04 04:30:00', '2014-02-07 04:30:00'),
(254, 56, 78, 10, 4, 5, '2014-02-04 04:30:00', '2014-02-07 04:30:00'),
(255, 56, 78, 10, 4, 6, '2014-02-04 04:30:00', '2014-02-07 04:30:00'),
(256, 56, 78, 10, 4, 7, '2014-02-04 04:30:00', '2014-02-07 04:30:00'),
(257, 56, 78, 10, 4, 8, '2014-02-04 04:30:00', '2014-02-07 04:30:00'),
(258, 56, 78, 10, 4, 9, '2014-02-04 04:30:00', '2014-02-07 04:30:00'),
(259, 56, 78, 10, 4, 10, '2014-02-04 04:30:00', '2014-02-07 04:30:00'),
(260, 56, 78, 10, 4, 11, '2014-02-04 04:30:00', '2014-02-07 04:30:00'),
(261, 56, 78, 10, 4, 12, '2014-02-04 04:30:00', '2014-02-07 04:30:00'),
(262, 56, 50, 10, 4, 1, '2014-02-04 04:30:00', '2014-02-07 04:30:00'),
(263, 56, 50, 10, 4, 2, '2014-02-04 04:30:00', '2014-02-07 04:30:00'),
(264, 56, 50, 10, 4, 3, '2014-02-04 04:30:00', '2014-02-07 04:30:00'),
(265, 56, 50, 10, 4, 4, '2014-02-04 04:30:00', '2014-02-07 04:30:00'),
(266, 56, 50, 10, 4, 5, '2014-02-04 04:30:00', '2014-02-07 04:30:00'),
(267, 56, 50, 10, 4, 6, '2014-02-04 04:30:00', '2014-02-07 04:30:00'),
(268, 56, 50, 10, 4, 7, '2014-02-04 04:30:00', '2014-02-07 04:30:00'),
(269, 56, 50, 10, 4, 8, '2014-02-04 04:30:00', '2014-02-07 04:30:00'),
(270, 56, 50, 10, 4, 9, '2014-02-04 04:30:00', '2014-02-07 04:30:00'),
(271, 56, 50, 10, 4, 10, '2014-02-04 04:30:00', '2014-02-07 04:30:00'),
(272, 56, 50, 10, 4, 11, '2014-02-04 04:30:00', '2014-02-07 04:30:00'),
(273, 56, 50, 10, 4, 12, '2014-02-04 04:30:00', '2014-02-07 04:30:00'),
(274, 56, 58, 10, 4, 1, '2014-02-04 04:30:00', '2014-02-07 04:30:00'),
(275, 56, 58, 10, 4, 2, '2014-02-04 04:30:00', '2014-02-07 04:30:00'),
(276, 56, 58, 10, 4, 3, '2014-02-04 04:30:00', '2014-02-07 04:30:00'),
(277, 56, 58, 10, 4, 4, '2014-02-04 04:30:00', '2014-02-07 04:30:00'),
(278, 56, 58, 10, 4, 5, '2014-02-04 04:30:00', '2014-02-07 04:30:00'),
(279, 56, 58, 10, 4, 6, '2014-02-04 04:30:00', '2014-02-07 04:30:00'),
(280, 56, 58, 10, 4, 7, '2014-02-04 04:30:00', '2014-02-07 04:30:00'),
(281, 56, 58, 10, 4, 8, '2014-02-04 04:30:00', '2014-02-07 04:30:00'),
(282, 56, 58, 10, 4, 9, '2014-02-04 04:30:00', '2014-02-07 04:30:00'),
(283, 56, 58, 10, 4, 10, '2014-02-04 04:30:00', '2014-02-07 04:30:00'),
(284, 56, 58, 10, 4, 11, '2014-02-04 04:30:00', '2014-02-07 04:30:00'),
(285, 56, 58, 10, 4, 12, '2014-02-04 04:30:00', '2014-02-07 04:30:00'),
(286, 56, 62, 10, 4, 1, '2014-02-04 04:30:00', '2014-02-07 04:30:00'),
(287, 56, 62, 10, 4, 2, '2014-02-04 04:30:00', '2014-02-07 04:30:00'),
(288, 56, 62, 10, 4, 3, '2014-02-04 04:30:00', '2014-02-07 04:30:00'),
(289, 56, 62, 10, 4, 4, '2014-02-04 04:30:00', '2014-02-07 04:30:00'),
(290, 56, 62, 10, 4, 5, '2014-02-04 04:30:00', '2014-02-07 04:30:00'),
(291, 56, 62, 10, 4, 6, '2014-02-04 04:30:00', '2014-02-07 04:30:00'),
(292, 56, 62, 10, 4, 7, '2014-02-04 04:30:00', '2014-02-07 04:30:00'),
(293, 56, 62, 10, 4, 8, '2014-02-04 04:30:00', '2014-02-07 04:30:00'),
(294, 56, 62, 10, 4, 9, '2014-02-04 04:30:00', '2014-02-07 04:30:00'),
(295, 56, 62, 10, 4, 10, '2014-02-04 04:30:00', '2014-02-07 04:30:00'),
(296, 56, 62, 10, 4, 11, '2014-02-04 04:30:00', '2014-02-07 04:30:00'),
(297, 56, 62, 10, 4, 12, '2014-02-04 04:30:00', '2014-02-07 04:30:00'),
(298, 56, 66, 10, 4, 1, '2014-02-04 04:30:00', '2014-02-07 04:30:00'),
(299, 56, 66, 10, 4, 2, '2014-02-04 04:30:00', '2014-02-07 04:30:00'),
(300, 56, 66, 10, 4, 3, '2014-02-04 04:30:00', '2014-02-07 04:30:00'),
(301, 56, 66, 10, 4, 4, '2014-02-04 04:30:00', '2014-02-07 04:30:00'),
(302, 56, 66, 10, 4, 5, '2014-02-04 04:30:00', '2014-02-07 04:30:00'),
(303, 56, 66, 10, 4, 6, '2014-02-04 04:30:00', '2014-02-07 04:30:00'),
(304, 56, 66, 10, 4, 7, '2014-02-04 04:30:00', '2014-02-07 04:30:00'),
(305, 56, 66, 10, 4, 8, '2014-02-04 04:30:00', '2014-02-07 04:30:00'),
(306, 56, 66, 10, 4, 9, '2014-02-04 04:30:00', '2014-02-07 04:30:00'),
(307, 56, 66, 10, 4, 10, '2014-02-04 04:30:00', '2014-02-07 04:30:00'),
(308, 56, 66, 10, 4, 11, '2014-02-04 04:30:00', '2014-02-07 04:30:00'),
(309, 56, 66, 10, 4, 12, '2014-02-04 04:30:00', '2014-02-07 04:30:00');

-- --------------------------------------------------------

--
-- Estructura de tabla para la tabla `cupo_general`
--

CREATE TABLE IF NOT EXISTS `cupo_general` (
  `id_cupo_general` int(11) NOT NULL AUTO_INCREMENT,
  `monto_cupo` int(11) NOT NULL,
  `id_tipo_jugada` int(11) NOT NULL DEFAULT '0',
  PRIMARY KEY (`id_cupo_general`),
  KEY `FK_id_tipo_jugadas` (`id_tipo_jugada`)
) ENGINE=InnoDB  DEFAULT CHARSET=utf8 COLLATE=utf8_unicode_ci AUTO_INCREMENT=5 ;

--
-- Volcado de datos para la tabla `cupo_general`
--

INSERT INTO `cupo_general` (`id_cupo_general`, `monto_cupo`, `id_tipo_jugada`) VALUES
(1, 600, 1),
(2, 100, 2),
(3, 500, 3),
(4, 80, 4);

-- --------------------------------------------------------

--
-- Estructura de tabla para la tabla `detalle_ticket`
--

CREATE TABLE IF NOT EXISTS `detalle_ticket` (
  `id_detalle_ticket` int(11) NOT NULL AUTO_INCREMENT,
  `id_ticket` varchar(15) COLLATE utf8_unicode_ci NOT NULL,
  `numero` varchar(10) COLLATE utf8_unicode_ci NOT NULL,
  `id_sorteo` int(11) NOT NULL,
  `hora_sorteo` time NOT NULL,
  `id_zodiacal` int(11) NOT NULL,
  `id_tipo_jugada` int(11) NOT NULL DEFAULT '0',
  `monto` decimal(10,2) NOT NULL,
  `premiado` int(11) NOT NULL DEFAULT '0',
  `total_premiado` int(11) NOT NULL DEFAULT '0',
  KEY `id_detalle_ticket` (`id_detalle_ticket`),
  KEY `FK_id_ticket` (`id_ticket`),
  KEY `FK_id_tipo_jugada` (`id_tipo_jugada`)
) ENGINE=InnoDB  DEFAULT CHARSET=utf8 COLLATE=utf8_unicode_ci COMMENT='Detalle ticket' AUTO_INCREMENT=1101 ;

--
-- Volcado de datos para la tabla `detalle_ticket`
--

INSERT INTO `detalle_ticket` (`id_detalle_ticket`, `id_ticket`, `numero`, `id_sorteo`, `hora_sorteo`, `id_zodiacal`, `id_tipo_jugada`, `monto`, `premiado`, `total_premiado`) VALUES
(1, '14020813234811', '145', 31, '16:30:00', 0, 1, 10.00, 0, 0),
(2, '14020813234811', '145', 30, '16:30:00', 0, 1, 10.00, 0, 0),
(3, '14020813234811', '145', 27, '16:30:00', 0, 1, 10.00, 0, 0),
(4, '14020813234811', '145', 26, '16:30:00', 0, 1, 10.00, 0, 0),
(5, '14020816280011', '236', 96, '16:40:00', 0, 1, 2.00, 0, 0),
(6, '14020816280011', '236', 95, '16:40:00', 0, 1, 2.00, 0, 0),
(7, '14020816280011', '145', 31, '16:30:00', 0, 1, 10.00, 0, 0),
(8, '14020816280011', '145', 30, '16:30:00', 0, 1, 10.00, 0, 0),
(9, '14020816280011', '145', 27, '16:30:00', 0, 1, 10.00, 0, 0),
(10, '14020816280011', '145', 26, '16:30:00', 0, 1, 10.00, 0, 0),
(11, '14020816281911', '236', 96, '16:40:00', 0, 1, 2.00, 0, 0),
(12, '14020816281911', '236', 95, '16:40:00', 0, 1, 2.00, 0, 0),
(13, '14020816281911', '145', 31, '16:30:00', 0, 1, 10.00, 0, 0),
(14, '14020816281911', '145', 30, '16:30:00', 0, 1, 10.00, 0, 0),
(15, '14020816281911', '145', 27, '16:30:00', 0, 1, 10.00, 0, 0),
(16, '14020816281911', '145', 26, '16:30:00', 0, 1, 10.00, 0, 0),
(43, '14020816543911', '123', 52, '19:30:00', 0, 1, 2.00, 0, 0),
(44, '14020816543911', '123', 51, '19:30:00', 0, 1, 2.00, 0, 0),
(45, '14020816580511', '123', 100, '19:35:00', 0, 1, 2.00, 0, 0),
(46, '14020816580511', '123', 99, '19:35:00', 0, 1, 2.00, 0, 0),
(47, '14020816580511', '123', 52, '19:30:00', 0, 1, 2.00, 0, 0),
(48, '14020816580511', '123', 51, '19:30:00', 0, 1, 2.00, 0, 0),
(49, '14021009230411', '524', 12, '12:30:00', 0, 1, 5.00, 0, 0),
(50, '14021009230411', '524', 11, '12:30:00', 0, 1, 5.00, 0, 0),
(51, '14021009230411', '524', 5, '12:00:00', 0, 1, 5.00, 0, 0),
(52, '14021009230411', '524', 4, '12:00:00', 0, 1, 5.00, 0, 0),
(53, '14021009500411', '256', 80, '12:40:00', 0, 1, 2.00, 0, 0),
(54, '14021009500411', '256', 79, '12:40:00', 0, 1, 2.00, 0, 0),
(55, '14021009500411', '256', 12, '12:30:00', 0, 1, 2.00, 0, 0),
(56, '14021009500411', '256', 11, '12:30:00', 0, 1, 2.00, 0, 0),
(57, '14021009500411', '256', 5, '12:00:00', 0, 1, 2.00, 0, 0),
(58, '14021009500411', '256', 4, '12:00:00', 0, 1, 2.00, 0, 0),
(59, '14021009565711', '265', 9, '12:45:00', 0, 1, 4.00, 0, 0),
(60, '14021009565711', '265', 8, '12:45:00', 0, 1, 4.00, 0, 0),
(61, '14021009565711', '265', 80, '12:40:00', 0, 1, 4.00, 0, 0),
(62, '14021009565711', '265', 79, '12:40:00', 0, 1, 4.00, 0, 0),
(63, '14021009565711', '265', 12, '12:30:00', 0, 1, 4.00, 0, 0),
(64, '14021009565711', '265', 11, '12:30:00', 0, 1, 4.00, 0, 0),
(65, '14021009565711', '265', 5, '12:00:00', 0, 1, 4.00, 0, 0),
(66, '14021009565711', '265', 4, '12:00:00', 0, 1, 4.00, 0, 0),
(67, '14021010053911', '569', 12, '12:30:00', 0, 1, 2.00, 0, 0),
(68, '14021010053911', '569', 11, '12:30:00', 0, 1, 2.00, 0, 0),
(69, '14021010053911', '569', 5, '12:00:00', 0, 1, 2.00, 0, 0),
(70, '14021010053911', '569', 4, '12:00:00', 0, 1, 2.00, 0, 0),
(71, '14021010053911', '369', 12, '12:30:00', 0, 1, 3.00, 0, 0),
(72, '14021010053911', '369', 11, '12:30:00', 0, 1, 3.00, 0, 0),
(73, '14021010053911', '369', 5, '12:00:00', 0, 1, 3.00, 0, 0),
(74, '14021010053911', '369', 4, '12:00:00', 0, 1, 3.00, 0, 0),
(75, '14021010053911', '263', 12, '12:30:00', 0, 1, 3.00, 0, 0),
(76, '14021010053911', '263', 11, '12:30:00', 0, 1, 3.00, 0, 0),
(77, '14021010053911', '263', 5, '12:00:00', 0, 1, 3.00, 0, 0),
(78, '14021010053911', '263', 4, '12:00:00', 0, 1, 3.00, 0, 0),
(79, '14021109073411', '475', 5, '12:00:00', 0, 1, 10.00, 0, 0),
(80, '14021109073411', '475', 4, '12:00:00', 0, 1, 10.00, 0, 0),
(81, '14021109073411', '633', 5, '12:00:00', 0, 1, 3.00, 0, 0),
(82, '14021109073411', '633', 4, '12:00:00', 0, 1, 3.00, 0, 0),
(83, '14021109142411', '998', 5, '12:00:00', 0, 1, 0.30, 0, 0),
(84, '14021109142411', '995', 5, '12:00:00', 0, 1, 0.30, 0, 0),
(85, '14021109142411', '996', 5, '12:00:00', 0, 1, 0.30, 0, 0),
(86, '14021109142411', '992', 5, '12:00:00', 0, 1, 0.30, 0, 0),
(87, '14021109142411', '993', 5, '12:00:00', 0, 1, 0.30, 0, 0),
(88, '14021109142411', '899', 5, '12:00:00', 0, 1, 0.30, 0, 0),
(89, '14021109142411', '895', 5, '12:00:00', 0, 1, 0.30, 0, 0),
(90, '14021109142411', '896', 5, '12:00:00', 0, 1, 0.30, 0, 0),
(91, '14021109142411', '892', 5, '12:00:00', 0, 1, 0.30, 0, 0),
(92, '14021109142411', '893', 5, '12:00:00', 0, 1, 0.30, 0, 0),
(93, '14021109142411', '859', 5, '12:00:00', 0, 1, 0.30, 0, 0),
(94, '14021109142411', '856', 5, '12:00:00', 0, 1, 0.30, 0, 0),
(95, '14021109142411', '852', 5, '12:00:00', 0, 1, 0.30, 0, 0),
(96, '14021109142411', '853', 5, '12:00:00', 0, 1, 0.30, 0, 0),
(97, '14021109142411', '869', 5, '12:00:00', 0, 1, 0.30, 0, 0),
(98, '14021109142411', '865', 5, '12:00:00', 0, 1, 0.30, 0, 0),
(99, '14021109142411', '862', 5, '12:00:00', 0, 1, 0.30, 0, 0),
(100, '14021109142411', '863', 5, '12:00:00', 0, 1, 0.30, 0, 0),
(101, '14021109142411', '829', 5, '12:00:00', 0, 1, 0.30, 0, 0),
(102, '14021109142411', '825', 5, '12:00:00', 0, 1, 0.30, 0, 0),
(103, '14021109142411', '826', 5, '12:00:00', 0, 1, 0.30, 0, 0),
(104, '14021109142411', '823', 5, '12:00:00', 0, 1, 0.30, 0, 0),
(105, '14021109142411', '839', 5, '12:00:00', 0, 1, 0.30, 0, 0),
(106, '14021109142411', '835', 5, '12:00:00', 0, 1, 0.30, 0, 0),
(107, '14021109142411', '836', 5, '12:00:00', 0, 1, 0.30, 0, 0),
(108, '14021109142411', '832', 5, '12:00:00', 0, 1, 0.30, 0, 0),
(109, '14021109142411', '989', 5, '12:00:00', 0, 1, 0.30, 0, 0),
(110, '14021109142411', '985', 5, '12:00:00', 0, 1, 0.30, 0, 0),
(111, '14021109142411', '986', 5, '12:00:00', 0, 1, 0.30, 0, 0),
(112, '14021109142411', '982', 5, '12:00:00', 0, 1, 0.30, 0, 0),
(113, '14021109142411', '983', 5, '12:00:00', 0, 1, 0.30, 0, 0),
(114, '14021109142411', '959', 5, '12:00:00', 0, 1, 0.30, 0, 0),
(115, '14021109142411', '958', 5, '12:00:00', 0, 1, 0.30, 0, 0),
(116, '14021109142411', '956', 5, '12:00:00', 0, 1, 0.30, 0, 0),
(117, '14021109142411', '952', 5, '12:00:00', 0, 1, 0.30, 0, 0),
(118, '14021109142411', '953', 5, '12:00:00', 0, 1, 0.30, 0, 0),
(119, '14021109142411', '969', 5, '12:00:00', 0, 1, 0.30, 0, 0),
(120, '14021109142411', '968', 5, '12:00:00', 0, 1, 0.30, 0, 0),
(121, '14021109142411', '965', 5, '12:00:00', 0, 1, 0.30, 0, 0),
(122, '14021109142411', '962', 5, '12:00:00', 0, 1, 0.30, 0, 0),
(123, '14021109142411', '963', 5, '12:00:00', 0, 1, 0.30, 0, 0),
(124, '14021109142411', '929', 5, '12:00:00', 0, 1, 0.30, 0, 0),
(125, '14021109142411', '928', 5, '12:00:00', 0, 1, 0.30, 0, 0),
(126, '14021109142411', '925', 5, '12:00:00', 0, 1, 0.30, 0, 0),
(127, '14021109142411', '926', 5, '12:00:00', 0, 1, 0.30, 0, 0),
(128, '14021109142411', '923', 5, '12:00:00', 0, 1, 0.30, 0, 0),
(129, '14021109142411', '939', 5, '12:00:00', 0, 1, 0.30, 0, 0),
(130, '14021109142411', '938', 5, '12:00:00', 0, 1, 0.30, 0, 0),
(131, '14021109142411', '935', 5, '12:00:00', 0, 1, 0.30, 0, 0),
(132, '14021109142411', '936', 5, '12:00:00', 0, 1, 0.30, 0, 0),
(133, '14021109142411', '932', 5, '12:00:00', 0, 1, 0.30, 0, 0),
(134, '14021109142411', '589', 5, '12:00:00', 0, 1, 0.30, 0, 0),
(135, '14021109142411', '586', 5, '12:00:00', 0, 1, 0.30, 0, 0),
(136, '14021109142411', '582', 5, '12:00:00', 0, 1, 0.30, 0, 0),
(137, '14021109142411', '583', 5, '12:00:00', 0, 1, 0.30, 0, 0),
(138, '14021109142411', '599', 5, '12:00:00', 0, 1, 0.30, 0, 0),
(139, '14021109142411', '598', 5, '12:00:00', 0, 1, 0.30, 0, 0),
(140, '14021109142411', '596', 5, '12:00:00', 0, 1, 0.30, 0, 0),
(141, '14021109142411', '592', 5, '12:00:00', 0, 1, 0.30, 0, 0),
(142, '14021109142411', '593', 5, '12:00:00', 0, 1, 0.30, 0, 0),
(143, '14021109142411', '568', 5, '12:00:00', 0, 1, 0.30, 0, 0),
(144, '14021109142411', '569', 5, '12:00:00', 0, 1, 0.30, 0, 0),
(145, '14021109142411', '562', 5, '12:00:00', 0, 1, 0.30, 0, 0),
(146, '14021109142411', '563', 5, '12:00:00', 0, 1, 0.30, 0, 0),
(147, '14021109142411', '528', 5, '12:00:00', 0, 1, 0.30, 0, 0),
(148, '14021109142411', '529', 5, '12:00:00', 0, 1, 0.30, 0, 0),
(149, '14021109142411', '526', 5, '12:00:00', 0, 1, 0.30, 0, 0),
(150, '14021109142411', '523', 5, '12:00:00', 0, 1, 0.30, 0, 0),
(151, '14021109142411', '538', 5, '12:00:00', 0, 1, 0.30, 0, 0),
(152, '14021109142411', '539', 5, '12:00:00', 0, 1, 0.30, 0, 0),
(153, '14021109142411', '536', 5, '12:00:00', 0, 1, 0.30, 0, 0),
(154, '14021109142411', '532', 5, '12:00:00', 0, 1, 0.30, 0, 0),
(155, '14021109142411', '689', 5, '12:00:00', 0, 1, 0.30, 0, 0),
(156, '14021109142411', '685', 5, '12:00:00', 0, 1, 0.30, 0, 0),
(157, '14021109142411', '682', 5, '12:00:00', 0, 1, 0.30, 0, 0),
(158, '14021109142411', '683', 5, '12:00:00', 0, 1, 0.30, 0, 0),
(159, '14021109142411', '699', 5, '12:00:00', 0, 1, 0.30, 0, 0),
(160, '14021109142411', '698', 5, '12:00:00', 0, 1, 0.30, 0, 0),
(161, '14021109142411', '695', 5, '12:00:00', 0, 1, 0.30, 0, 0),
(162, '14021109142411', '692', 5, '12:00:00', 0, 1, 0.30, 0, 0),
(163, '14021109142411', '693', 5, '12:00:00', 0, 1, 0.30, 0, 0),
(164, '14021109142411', '658', 5, '12:00:00', 0, 1, 0.30, 0, 0),
(165, '14021109142411', '659', 5, '12:00:00', 0, 1, 0.30, 0, 0),
(166, '14021109142411', '652', 5, '12:00:00', 0, 1, 0.30, 0, 0),
(167, '14021109142411', '653', 5, '12:00:00', 0, 1, 0.30, 0, 0),
(168, '14021109142411', '628', 5, '12:00:00', 0, 1, 0.30, 0, 0),
(169, '14021109142411', '629', 5, '12:00:00', 0, 1, 0.30, 0, 0),
(170, '14021109142411', '625', 5, '12:00:00', 0, 1, 0.30, 0, 0),
(171, '14021109142411', '623', 5, '12:00:00', 0, 1, 0.30, 0, 0),
(172, '14021109142411', '638', 5, '12:00:00', 0, 1, 0.30, 0, 0),
(173, '14021109142411', '639', 5, '12:00:00', 0, 1, 0.30, 0, 0),
(174, '14021109142411', '635', 5, '12:00:00', 0, 1, 0.30, 0, 0),
(175, '14021109142411', '632', 5, '12:00:00', 0, 1, 0.30, 0, 0),
(176, '14021109142411', '289', 5, '12:00:00', 0, 1, 0.30, 0, 0),
(177, '14021109142411', '285', 5, '12:00:00', 0, 1, 0.30, 0, 0),
(178, '14021109142411', '286', 5, '12:00:00', 0, 1, 0.30, 0, 0),
(179, '14021109142411', '283', 5, '12:00:00', 0, 1, 0.30, 0, 0),
(180, '14021109142411', '299', 5, '12:00:00', 0, 1, 0.30, 0, 0),
(181, '14021109142411', '298', 5, '12:00:00', 0, 1, 0.30, 0, 0),
(182, '14021109142411', '295', 5, '12:00:00', 0, 1, 0.30, 0, 0),
(183, '14021109142411', '296', 5, '12:00:00', 0, 1, 0.30, 0, 0),
(184, '14021109142411', '293', 5, '12:00:00', 0, 1, 0.30, 0, 0),
(185, '14021109142411', '258', 5, '12:00:00', 0, 1, 0.30, 0, 0),
(186, '14021109142411', '259', 5, '12:00:00', 0, 1, 0.30, 0, 0),
(187, '14021109142411', '256', 5, '12:00:00', 0, 1, 0.30, 0, 0),
(188, '14021109142411', '253', 5, '12:00:00', 0, 1, 0.30, 0, 0),
(189, '14021109142411', '268', 5, '12:00:00', 0, 1, 0.30, 0, 0),
(190, '14021109142411', '269', 5, '12:00:00', 0, 1, 0.30, 0, 0),
(191, '14021109142411', '265', 5, '12:00:00', 0, 1, 0.30, 0, 0),
(192, '14021109142411', '263', 5, '12:00:00', 0, 1, 0.30, 0, 0),
(193, '14021109142411', '238', 5, '12:00:00', 0, 1, 0.30, 0, 0),
(194, '14021109142411', '239', 5, '12:00:00', 0, 1, 0.30, 0, 0),
(195, '14021109142411', '235', 5, '12:00:00', 0, 1, 0.30, 0, 0),
(196, '14021109142411', '236', 5, '12:00:00', 0, 1, 0.30, 0, 0),
(197, '14021109142411', '389', 5, '12:00:00', 0, 1, 0.30, 0, 0),
(198, '14021109142411', '385', 5, '12:00:00', 0, 1, 0.30, 0, 0),
(199, '14021109142411', '386', 5, '12:00:00', 0, 1, 0.30, 0, 0),
(200, '14021109142411', '382', 5, '12:00:00', 0, 1, 0.30, 0, 0),
(201, '14021109142411', '399', 5, '12:00:00', 0, 1, 0.30, 0, 0),
(202, '14021109142411', '398', 5, '12:00:00', 0, 1, 0.30, 0, 0),
(203, '14021109142411', '395', 5, '12:00:00', 0, 1, 0.30, 0, 0),
(204, '14021109142411', '396', 5, '12:00:00', 0, 1, 0.30, 0, 0),
(205, '14021109142411', '392', 5, '12:00:00', 0, 1, 0.30, 0, 0),
(206, '14021109142411', '358', 5, '12:00:00', 0, 1, 0.30, 0, 0),
(207, '14021109142411', '359', 5, '12:00:00', 0, 1, 0.30, 0, 0),
(208, '14021109142411', '356', 5, '12:00:00', 0, 1, 0.30, 0, 0),
(209, '14021109142411', '352', 5, '12:00:00', 0, 1, 0.30, 0, 0),
(210, '14021109142411', '368', 5, '12:00:00', 0, 1, 0.30, 0, 0),
(211, '14021109142411', '369', 5, '12:00:00', 0, 1, 0.30, 0, 0),
(212, '14021109142411', '365', 5, '12:00:00', 0, 1, 0.30, 0, 0),
(213, '14021109142411', '362', 5, '12:00:00', 0, 1, 0.30, 0, 0),
(214, '14021109142411', '328', 5, '12:00:00', 0, 1, 0.30, 0, 0),
(215, '14021109142411', '329', 5, '12:00:00', 0, 1, 0.30, 0, 0),
(216, '14021109142411', '325', 5, '12:00:00', 0, 1, 0.30, 0, 0),
(217, '14021109142411', '326', 5, '12:00:00', 0, 1, 0.30, 0, 0),
(218, '14021109142411', '998', 4, '12:00:00', 0, 1, 0.30, 0, 0),
(219, '14021109142411', '995', 4, '12:00:00', 0, 1, 0.30, 0, 0),
(220, '14021109142411', '996', 4, '12:00:00', 0, 1, 0.30, 0, 0),
(221, '14021109142411', '992', 4, '12:00:00', 0, 1, 0.30, 0, 0),
(222, '14021109142411', '993', 4, '12:00:00', 0, 1, 0.30, 0, 0),
(223, '14021109142411', '899', 4, '12:00:00', 0, 1, 0.30, 0, 0),
(224, '14021109142411', '895', 4, '12:00:00', 0, 1, 0.30, 0, 0),
(225, '14021109142411', '896', 4, '12:00:00', 0, 1, 0.30, 0, 0),
(226, '14021109142411', '892', 4, '12:00:00', 0, 1, 0.30, 0, 0),
(227, '14021109142411', '893', 4, '12:00:00', 0, 1, 0.30, 0, 0),
(228, '14021109142411', '859', 4, '12:00:00', 0, 1, 0.30, 0, 0),
(229, '14021109142411', '856', 4, '12:00:00', 0, 1, 0.30, 0, 0),
(230, '14021109142411', '852', 4, '12:00:00', 0, 1, 0.30, 0, 0),
(231, '14021109142411', '853', 4, '12:00:00', 0, 1, 0.30, 0, 0),
(232, '14021109142411', '869', 4, '12:00:00', 0, 1, 0.30, 0, 0),
(233, '14021109142411', '865', 4, '12:00:00', 0, 1, 0.30, 0, 0),
(234, '14021109142411', '862', 4, '12:00:00', 0, 1, 0.30, 0, 0),
(235, '14021109142411', '863', 4, '12:00:00', 0, 1, 0.30, 0, 0),
(236, '14021109142411', '829', 4, '12:00:00', 0, 1, 0.30, 0, 0),
(237, '14021109142411', '825', 4, '12:00:00', 0, 1, 0.30, 0, 0),
(238, '14021109142411', '826', 4, '12:00:00', 0, 1, 0.30, 0, 0),
(239, '14021109142411', '823', 4, '12:00:00', 0, 1, 0.30, 0, 0),
(240, '14021109142411', '839', 4, '12:00:00', 0, 1, 0.30, 0, 0),
(241, '14021109142411', '835', 4, '12:00:00', 0, 1, 0.30, 0, 0),
(242, '14021109142411', '836', 4, '12:00:00', 0, 1, 0.30, 0, 0),
(243, '14021109142411', '832', 4, '12:00:00', 0, 1, 0.30, 0, 0),
(244, '14021109142411', '989', 4, '12:00:00', 0, 1, 0.30, 0, 0),
(245, '14021109142411', '985', 4, '12:00:00', 0, 1, 0.30, 0, 0),
(246, '14021109142411', '986', 4, '12:00:00', 0, 1, 0.30, 0, 0),
(247, '14021109142411', '982', 4, '12:00:00', 0, 1, 0.30, 0, 0),
(248, '14021109142411', '983', 4, '12:00:00', 0, 1, 0.30, 0, 0),
(249, '14021109142411', '959', 4, '12:00:00', 0, 1, 0.30, 0, 0),
(250, '14021109142411', '958', 4, '12:00:00', 0, 1, 0.30, 0, 0),
(251, '14021109142411', '956', 4, '12:00:00', 0, 1, 0.30, 0, 0),
(252, '14021109142411', '952', 4, '12:00:00', 0, 1, 0.30, 0, 0),
(253, '14021109142411', '953', 4, '12:00:00', 0, 1, 0.30, 0, 0),
(254, '14021109142411', '969', 4, '12:00:00', 0, 1, 0.30, 0, 0),
(255, '14021109142411', '968', 4, '12:00:00', 0, 1, 0.30, 0, 0),
(256, '14021109142411', '965', 4, '12:00:00', 0, 1, 0.30, 0, 0),
(257, '14021109142411', '962', 4, '12:00:00', 0, 1, 0.30, 0, 0),
(258, '14021109142411', '963', 4, '12:00:00', 0, 1, 0.30, 0, 0),
(259, '14021109142411', '929', 4, '12:00:00', 0, 1, 0.30, 0, 0),
(260, '14021109142411', '928', 4, '12:00:00', 0, 1, 0.30, 0, 0),
(261, '14021109142411', '925', 4, '12:00:00', 0, 1, 0.30, 0, 0),
(262, '14021109142411', '926', 4, '12:00:00', 0, 1, 0.30, 0, 0),
(263, '14021109142411', '923', 4, '12:00:00', 0, 1, 0.30, 0, 0),
(264, '14021109142411', '939', 4, '12:00:00', 0, 1, 0.30, 0, 0),
(265, '14021109142411', '938', 4, '12:00:00', 0, 1, 0.30, 0, 0),
(266, '14021109142411', '935', 4, '12:00:00', 0, 1, 0.30, 0, 0),
(267, '14021109142411', '936', 4, '12:00:00', 0, 1, 0.30, 0, 0),
(268, '14021109142411', '932', 4, '12:00:00', 0, 1, 0.30, 0, 0),
(269, '14021109142411', '589', 4, '12:00:00', 0, 1, 0.30, 0, 0),
(270, '14021109142411', '586', 4, '12:00:00', 0, 1, 0.30, 0, 0),
(271, '14021109142411', '582', 4, '12:00:00', 0, 1, 0.30, 0, 0),
(272, '14021109142411', '583', 4, '12:00:00', 0, 1, 0.30, 0, 0),
(273, '14021109142411', '599', 4, '12:00:00', 0, 1, 0.30, 0, 0),
(274, '14021109142411', '598', 4, '12:00:00', 0, 1, 0.30, 0, 0),
(275, '14021109142411', '596', 4, '12:00:00', 0, 1, 0.30, 0, 0),
(276, '14021109142411', '592', 4, '12:00:00', 0, 1, 0.30, 0, 0),
(277, '14021109142411', '593', 4, '12:00:00', 0, 1, 0.30, 0, 0),
(278, '14021109142411', '568', 4, '12:00:00', 0, 1, 0.30, 0, 0),
(279, '14021109142411', '569', 4, '12:00:00', 0, 1, 0.30, 0, 0),
(280, '14021109142411', '562', 4, '12:00:00', 0, 1, 0.30, 0, 0),
(281, '14021109142411', '563', 4, '12:00:00', 0, 1, 0.30, 0, 0),
(282, '14021109142411', '528', 4, '12:00:00', 0, 1, 0.30, 0, 0),
(283, '14021109142411', '529', 4, '12:00:00', 0, 1, 0.30, 0, 0),
(284, '14021109142411', '526', 4, '12:00:00', 0, 1, 0.30, 0, 0),
(285, '14021109142411', '523', 4, '12:00:00', 0, 1, 0.30, 0, 0),
(286, '14021109142411', '538', 4, '12:00:00', 0, 1, 0.30, 0, 0),
(287, '14021109142411', '539', 4, '12:00:00', 0, 1, 0.30, 0, 0),
(288, '14021109142411', '536', 4, '12:00:00', 0, 1, 0.30, 0, 0),
(289, '14021109142411', '532', 4, '12:00:00', 0, 1, 0.30, 0, 0),
(290, '14021109142411', '689', 4, '12:00:00', 0, 1, 0.30, 0, 0),
(291, '14021109142411', '685', 4, '12:00:00', 0, 1, 0.30, 0, 0),
(292, '14021109142411', '682', 4, '12:00:00', 0, 1, 0.30, 0, 0),
(293, '14021109142411', '683', 4, '12:00:00', 0, 1, 0.30, 0, 0),
(294, '14021109142411', '699', 4, '12:00:00', 0, 1, 0.30, 0, 0),
(295, '14021109142411', '698', 4, '12:00:00', 0, 1, 0.30, 0, 0),
(296, '14021109142411', '695', 4, '12:00:00', 0, 1, 0.30, 0, 0),
(297, '14021109142411', '692', 4, '12:00:00', 0, 1, 0.30, 0, 0),
(298, '14021109142411', '693', 4, '12:00:00', 0, 1, 0.30, 0, 0),
(299, '14021109142411', '658', 4, '12:00:00', 0, 1, 0.30, 0, 0),
(300, '14021109142411', '659', 4, '12:00:00', 0, 1, 0.30, 0, 0),
(301, '14021109142411', '652', 4, '12:00:00', 0, 1, 0.30, 0, 0),
(302, '14021109142411', '653', 4, '12:00:00', 0, 1, 0.30, 0, 0),
(303, '14021109142411', '628', 4, '12:00:00', 0, 1, 0.30, 0, 0),
(304, '14021109142411', '629', 4, '12:00:00', 0, 1, 0.30, 0, 0),
(305, '14021109142411', '625', 4, '12:00:00', 0, 1, 0.30, 0, 0),
(306, '14021109142411', '623', 4, '12:00:00', 0, 1, 0.30, 0, 0),
(307, '14021109142411', '638', 4, '12:00:00', 0, 1, 0.30, 0, 0),
(308, '14021109142411', '639', 4, '12:00:00', 0, 1, 0.30, 0, 0),
(309, '14021109142411', '635', 4, '12:00:00', 0, 1, 0.30, 0, 0),
(310, '14021109142411', '632', 4, '12:00:00', 0, 1, 0.30, 0, 0),
(311, '14021109142411', '289', 4, '12:00:00', 0, 1, 0.30, 0, 0),
(312, '14021109142411', '285', 4, '12:00:00', 0, 1, 0.30, 0, 0),
(313, '14021109142411', '286', 4, '12:00:00', 0, 1, 0.30, 0, 0),
(314, '14021109142411', '283', 4, '12:00:00', 0, 1, 0.30, 0, 0),
(315, '14021109142411', '299', 4, '12:00:00', 0, 1, 0.30, 0, 0),
(316, '14021109142411', '298', 4, '12:00:00', 0, 1, 0.30, 0, 0),
(317, '14021109142411', '295', 4, '12:00:00', 0, 1, 0.30, 0, 0),
(318, '14021109142411', '296', 4, '12:00:00', 0, 1, 0.30, 0, 0),
(319, '14021109142411', '293', 4, '12:00:00', 0, 1, 0.30, 0, 0),
(320, '14021109142411', '258', 4, '12:00:00', 0, 1, 0.30, 0, 0),
(321, '14021109142411', '259', 4, '12:00:00', 0, 1, 0.30, 0, 0),
(322, '14021109142411', '256', 4, '12:00:00', 0, 1, 0.30, 0, 0),
(323, '14021109142411', '253', 4, '12:00:00', 0, 1, 0.30, 0, 0),
(324, '14021109142411', '268', 4, '12:00:00', 0, 1, 0.30, 0, 0),
(325, '14021109142411', '269', 4, '12:00:00', 0, 1, 0.30, 0, 0),
(326, '14021109142411', '265', 4, '12:00:00', 0, 1, 0.30, 0, 0),
(327, '14021109142411', '263', 4, '12:00:00', 0, 1, 0.30, 0, 0),
(328, '14021109142411', '238', 4, '12:00:00', 0, 1, 0.30, 0, 0),
(329, '14021109142411', '239', 4, '12:00:00', 0, 1, 0.30, 0, 0),
(330, '14021109142411', '235', 4, '12:00:00', 0, 1, 0.30, 0, 0),
(331, '14021109142411', '236', 4, '12:00:00', 0, 1, 0.30, 0, 0),
(332, '14021109142411', '389', 4, '12:00:00', 0, 1, 0.30, 0, 0),
(333, '14021109142411', '385', 4, '12:00:00', 0, 1, 0.30, 0, 0),
(334, '14021109142411', '386', 4, '12:00:00', 0, 1, 0.30, 0, 0),
(335, '14021109142411', '382', 4, '12:00:00', 0, 1, 0.30, 0, 0),
(336, '14021109142411', '399', 4, '12:00:00', 0, 1, 0.30, 0, 0),
(337, '14021109142411', '398', 4, '12:00:00', 0, 1, 0.30, 0, 0),
(338, '14021109142411', '395', 4, '12:00:00', 0, 1, 0.30, 0, 0),
(339, '14021109142411', '396', 4, '12:00:00', 0, 1, 0.30, 0, 0),
(340, '14021109142411', '392', 4, '12:00:00', 0, 1, 0.30, 0, 0),
(341, '14021109142411', '358', 4, '12:00:00', 0, 1, 0.30, 0, 0),
(342, '14021109142411', '359', 4, '12:00:00', 0, 1, 0.30, 0, 0),
(343, '14021109142411', '356', 4, '12:00:00', 0, 1, 0.30, 0, 0),
(344, '14021109142411', '352', 4, '12:00:00', 0, 1, 0.30, 0, 0),
(345, '14021109142411', '368', 4, '12:00:00', 0, 1, 0.30, 0, 0),
(346, '14021109142411', '369', 4, '12:00:00', 0, 1, 0.30, 0, 0),
(347, '14021109142411', '365', 4, '12:00:00', 0, 1, 0.30, 0, 0),
(348, '14021109142411', '362', 4, '12:00:00', 0, 1, 0.30, 0, 0),
(349, '14021109142411', '328', 4, '12:00:00', 0, 1, 0.30, 0, 0),
(350, '14021109142411', '329', 4, '12:00:00', 0, 1, 0.30, 0, 0),
(351, '14021109142411', '325', 4, '12:00:00', 0, 1, 0.30, 0, 0),
(352, '14021109142411', '326', 4, '12:00:00', 0, 1, 0.30, 0, 0),
(353, '14021109240111', '666', 5, '12:00:00', 0, 1, 5.00, 0, 0),
(354, '14021109240111', '666', 4, '12:00:00', 0, 1, 5.00, 0, 0),
(355, '14021109240111', '111', 5, '12:00:00', 0, 1, 3.00, 0, 0),
(356, '14021109240111', '111', 4, '12:00:00', 0, 1, 3.00, 0, 0),
(357, '14021109240111', '000', 31, '16:30:00', 0, 1, 3.00, 0, 0),
(358, '14021109240111', '000', 30, '16:30:00', 0, 1, 3.00, 0, 0),
(359, '14021109240111', '000', 27, '16:30:00', 0, 1, 3.00, 0, 0),
(360, '14021109240111', '000', 26, '16:30:00', 0, 1, 3.00, 0, 0),
(361, '14021109255913', '319', 60, '20:00:00', 0, 1, 5.00, 0, 0),
(362, '14021109255913', '319', 59, '20:00:00', 0, 1, 5.00, 0, 0),
(363, '14021109255913', '319', 56, '19:45:00', 0, 1, 5.00, 0, 0),
(364, '14021109255913', '319', 55, '19:45:00', 0, 1, 5.00, 0, 0),
(365, '14021109255913', '319', 20, '13:00:00', 0, 1, 5.00, 0, 0),
(366, '14021109255913', '319', 19, '13:00:00', 0, 1, 5.00, 0, 0),
(367, '14021109255913', '319', 16, '12:45:00', 0, 1, 5.00, 0, 0),
(368, '14021109255913', '319', 15, '12:45:00', 0, 1, 5.00, 0, 0),
(369, '14021109263313', '147', 5, '12:00:00', 0, 1, 10.00, 0, 0),
(370, '14021109263313', '147', 4, '12:00:00', 0, 1, 10.00, 0, 0),
(371, '14021109263313', '319', 60, '20:00:00', 0, 1, 5.00, 0, 0),
(372, '14021109263313', '319', 59, '20:00:00', 0, 1, 5.00, 0, 0),
(373, '14021109263313', '319', 56, '19:45:00', 0, 1, 5.00, 0, 0),
(374, '14021109263313', '319', 55, '19:45:00', 0, 1, 5.00, 0, 0),
(375, '14021109263313', '319', 20, '13:00:00', 0, 1, 5.00, 0, 0),
(376, '14021109263313', '319', 19, '13:00:00', 0, 1, 5.00, 0, 0),
(377, '14021109263313', '319', 16, '12:45:00', 0, 1, 5.00, 0, 0),
(378, '14021109263313', '319', 15, '12:45:00', 0, 1, 5.00, 0, 0),
(379, '14021110261311', '489', 13, '12:30:00', 0, 1, 10.00, 0, 0),
(380, '14021110261311', '489', 12, '12:30:00', 0, 1, 10.00, 0, 0),
(381, '14021110261311', '489', 11, '12:30:00', 0, 1, 10.00, 0, 0),
(382, '14021110261311', '489', 6, '12:00:00', 0, 1, 10.00, 0, 0),
(383, '14021110261311', '489', 5, '12:00:00', 0, 1, 10.00, 0, 0),
(384, '14021110261311', '489', 4, '12:00:00', 0, 1, 10.00, 0, 0),
(385, '14021110281911', '456', 5, '12:00:00', 0, 1, 20.00, 0, 0),
(386, '14021110281911', '456', 4, '12:00:00', 0, 1, 20.00, 0, 0),
(387, '14021110302811', '475', 4, '12:00:00', 0, 1, 10.00, 0, 0),
(388, '14021110302811', '145', 5, '12:00:00', 0, 1, 10.00, 0, 0),
(389, '14021110302811', '145', 4, '12:00:00', 0, 1, 10.00, 0, 0),
(390, '14021110315211', '999', 5, '12:00:00', 0, 1, 0.10, 0, 0),
(391, '14021110315211', '999', 4, '12:00:00', 0, 1, 0.10, 0, 0),
(392, '14021110373611', '745', 12, '12:30:00', 0, 1, 0.10, 0, 0),
(393, '14021110373611', '745', 11, '12:30:00', 0, 1, 0.10, 0, 0),
(394, '14021110373611', '745', 6, '12:00:00', 0, 1, 0.10, 0, 0),
(395, '14021110373611', '745', 4, '12:00:00', 0, 1, 0.10, 0, 0),
(396, '14021110402811', '456', 5, '12:00:00', 0, 1, 12.00, 0, 0),
(397, '14021110402811', '456', 4, '12:00:00', 0, 1, 12.00, 0, 0),
(398, '14021110425112', '458', 5, '12:00:00', 0, 1, 1.00, 0, 0),
(399, '14021110425112', '458', 4, '12:00:00', 0, 1, 1.00, 0, 0),
(400, '14021110493512', '145', 12, '12:30:00', 0, 1, 10.00, 0, 0),
(401, '14021110493512', '145', 11, '12:30:00', 0, 1, 10.00, 0, 0),
(402, '14021110493512', '145', 5, '12:00:00', 0, 1, 10.00, 0, 0),
(403, '14021110500312', '745', 80, '12:40:00', 0, 1, 10.00, 0, 0),
(404, '14021110500312', '745', 79, '12:40:00', 0, 1, 10.00, 0, 0),
(405, '14021110584712', '741', 81, '12:40:00', 0, 1, 10.00, 0, 0),
(406, '14021111250311', '745', 13, '12:30:00', 0, 1, 10.00, 0, 0),
(407, '14021111250311', '745', 12, '12:30:00', 0, 1, 10.00, 0, 0),
(408, '14021111251311', '745', 13, '12:30:00', 0, 1, 10.00, 0, 0),
(409, '14021111251311', '745', 12, '12:30:00', 0, 1, 10.00, 0, 0),
(410, '14021111252811', '745', 13, '12:30:00', 0, 1, 10.00, 0, 0),
(411, '14021111252811', '745', 12, '12:30:00', 0, 1, 10.00, 0, 0),
(412, '14021111432912', '999', 12, '12:30:00', 0, 1, 0.20, 0, 0),
(413, '14021111432912', '999', 11, '12:30:00', 0, 1, 0.20, 0, 0),
(414, '14021111575011', '652', 12, '12:30:00', 0, 1, 0.10, 0, 0),
(415, '14021111575011', '652', 11, '12:30:00', 0, 1, 0.10, 0, 0),
(416, '14021112005911', '452', 12, '12:30:00', 0, 1, 0.10, 0, 0),
(417, '14021112005911', '452', 11, '12:30:00', 0, 1, 0.10, 0, 0),
(418, '14021112210811', '487', 80, '12:40:00', 0, 1, 0.10, 0, 0),
(419, '14021112210811', '487', 79, '12:40:00', 0, 1, 0.10, 0, 0),
(420, '14021112250412', '745', 9, '12:45:00', 0, 1, 0.20, 0, 0),
(421, '14021112250412', '745', 8, '12:45:00', 0, 1, 0.20, 0, 0),
(422, '14021112254111', '852', 80, '12:40:00', 0, 1, 0.50, 0, 0),
(423, '14021112254111', '852', 79, '12:40:00', 0, 1, 0.50, 0, 0),
(424, '14021112270111', '784', 80, '12:40:00', 0, 1, 0.20, 0, 0),
(425, '14021112285211', '985', 9, '12:45:00', 0, 1, 0.20, 0, 0),
(426, '14021112285211', '985', 8, '12:45:00', 0, 1, 0.20, 0, 0),
(427, '14021112294111', '962', 9, '12:45:00', 0, 1, 0.50, 0, 0),
(428, '14021112294111', '962', 8, '12:45:00', 0, 1, 0.50, 0, 0),
(429, '14021112302511', '852', 9, '12:45:00', 0, 1, 0.20, 0, 0),
(430, '14021112302511', '852', 8, '12:45:00', 0, 1, 0.20, 0, 0),
(431, '14021112451012', '956', 20, '13:00:00', 0, 1, 0.10, 0, 0),
(432, '14021112451012', '956', 19, '13:00:00', 0, 1, 0.10, 0, 0),
(433, '14021112491313', '124', 33, '16:30:00', 5, 3, 2.00, 0, 0),
(434, '14021112491313', '124', 20, '13:00:00', 0, 1, 2.00, 0, 0),
(435, '14021112491313', '124', 19, '13:00:00', 0, 1, 2.00, 0, 0),
(436, '14021112491313', '147', 5, '12:00:00', 0, 1, 10.00, 0, 0),
(437, '14021112491313', '147', 4, '12:00:00', 0, 1, 10.00, 0, 0),
(438, '14021112491313', '319', 60, '20:00:00', 0, 1, 5.00, 0, 0),
(439, '14021112491313', '319', 59, '20:00:00', 0, 1, 5.00, 0, 0),
(440, '14021112491313', '319', 56, '19:45:00', 0, 1, 5.00, 0, 0),
(441, '14021112491313', '319', 55, '19:45:00', 0, 1, 5.00, 0, 0),
(442, '14021112491313', '319', 20, '13:00:00', 0, 1, 5.00, 0, 0),
(443, '14021112491313', '319', 19, '13:00:00', 0, 1, 5.00, 0, 0),
(444, '14021112491313', '319', 16, '12:45:00', 0, 1, 5.00, 0, 0),
(445, '14021112491313', '319', 15, '12:45:00', 0, 1, 5.00, 0, 0),
(446, '14021112505312', '814', 33, '16:30:00', 12, 3, 5.00, 0, 0),
(447, '14021112505312', '814', 33, '16:30:00', 11, 3, 5.00, 0, 0),
(448, '14021112505312', '814', 33, '16:30:00', 10, 3, 5.00, 0, 0),
(449, '14021112505312', '814', 33, '16:30:00', 9, 3, 5.00, 0, 0),
(450, '14021112505312', '814', 33, '16:30:00', 8, 3, 5.00, 0, 0),
(451, '14021112505312', '814', 33, '16:30:00', 7, 3, 5.00, 0, 0),
(452, '14021112505312', '814', 33, '16:30:00', 6, 3, 5.00, 0, 0),
(453, '14021112505312', '814', 33, '16:30:00', 5, 3, 5.00, 0, 0),
(454, '14021112505312', '814', 33, '16:30:00', 4, 3, 5.00, 0, 0),
(455, '14021112505312', '814', 33, '16:30:00', 3, 3, 5.00, 0, 0),
(456, '14021112505312', '814', 33, '16:30:00', 2, 3, 5.00, 0, 0),
(457, '14021112505312', '814', 33, '16:30:00', 1, 3, 5.00, 0, 0),
(458, '14021112512511', '659', 22, '13:00:00', 3, 3, 70.00, 0, 0),
(459, '14021112512511', '659', 22, '13:00:00', 2, 3, 70.00, 0, 0),
(460, '14021112512511', '659', 22, '13:00:00', 1, 3, 70.00, 0, 0),
(461, '14021112512511', '256', 22, '13:00:00', 3, 3, 5.00, 0, 0),
(462, '14021112512511', '256', 22, '13:00:00', 2, 3, 5.00, 0, 0),
(463, '14021112512511', '256', 22, '13:00:00', 1, 3, 5.00, 0, 0),
(464, '14021112520612', '814', 33, '16:30:00', 12, 3, 5.00, 0, 0),
(465, '14021112520612', '814', 33, '16:30:00', 11, 3, 5.00, 0, 0),
(466, '14021112520612', '814', 33, '16:30:00', 10, 3, 5.00, 0, 0),
(467, '14021112520612', '814', 33, '16:30:00', 9, 3, 5.00, 0, 0),
(468, '14021112520612', '814', 33, '16:30:00', 8, 3, 5.00, 0, 0),
(469, '14021112520612', '814', 33, '16:30:00', 7, 3, 5.00, 0, 0),
(470, '14021112520612', '814', 33, '16:30:00', 6, 3, 5.00, 0, 0),
(471, '14021112520612', '814', 33, '16:30:00', 5, 3, 5.00, 0, 0),
(472, '14021112520612', '814', 33, '16:30:00', 4, 3, 5.00, 0, 0),
(473, '14021112520612', '814', 33, '16:30:00', 3, 3, 5.00, 0, 0),
(474, '14021112520612', '814', 33, '16:30:00', 2, 3, 5.00, 0, 0),
(475, '14021112520612', '814', 33, '16:30:00', 1, 3, 5.00, 0, 0),
(476, '14021112525513', '124', 83, '16:40:00', 0, 1, 5.00, 0, 0),
(477, '14021112525513', '124', 82, '16:40:00', 0, 1, 5.00, 0, 0),
(478, '14021112525513', '124', 72, '16:30:00', 0, 1, 5.00, 0, 0),
(479, '14021112525513', '124', 71, '16:30:00', 0, 1, 5.00, 0, 0),
(480, '14021112525513', '124', 31, '16:30:00', 0, 1, 5.00, 0, 0),
(481, '14021112525513', '124', 30, '16:30:00', 0, 1, 5.00, 0, 0),
(482, '14021112525513', '124', 27, '16:30:00', 0, 1, 5.00, 0, 0),
(483, '14021112525513', '124', 26, '16:30:00', 0, 1, 5.00, 0, 0),
(484, '14021113001612', '59', 87, '19:40:00', 0, 2, 5.00, 0, 0),
(485, '14021113001612', '59', 88, '19:40:00', 0, 2, 5.00, 0, 0),
(486, '14021113001612', '59', 48, '19:45:00', 0, 2, 5.00, 0, 0),
(487, '14021113001612', '59', 49, '19:45:00', 0, 2, 5.00, 0, 0),
(488, '14021113001612', '59', 55, '19:45:00', 0, 2, 5.00, 0, 0),
(489, '14021113001612', '59', 56, '19:45:00', 0, 2, 5.00, 0, 0),
(490, '14021113001612', '359', 56, '19:45:00', 0, 1, 5.00, 0, 0),
(491, '14021113001612', '359', 55, '19:45:00', 0, 1, 5.00, 0, 0),
(492, '14021113001612', '359', 49, '19:45:00', 0, 1, 5.00, 0, 0),
(493, '14021113001612', '359', 48, '19:45:00', 0, 1, 5.00, 0, 0),
(494, '14021113001612', '359', 88, '19:40:00', 0, 1, 5.00, 0, 0),
(495, '14021113001612', '359', 87, '19:40:00', 0, 1, 5.00, 0, 0),
(496, '14021113064111', '563', 27, '16:30:00', 0, 1, 50.00, 0, 0),
(497, '14021113064111', '536', 27, '16:30:00', 0, 1, 50.00, 0, 0),
(498, '14021113064111', '653', 27, '16:30:00', 0, 1, 50.00, 0, 0),
(499, '14021113064111', '635', 27, '16:30:00', 0, 1, 50.00, 0, 0),
(500, '14021113064111', '356', 27, '16:30:00', 0, 1, 50.00, 0, 0),
(501, '14021113064111', '365', 27, '16:30:00', 0, 1, 50.00, 0, 0),
(502, '14021113064111', '563', 26, '16:30:00', 0, 1, 50.00, 0, 0),
(503, '14021113064111', '536', 26, '16:30:00', 0, 1, 50.00, 0, 0),
(504, '14021113064111', '653', 26, '16:30:00', 0, 1, 50.00, 0, 0),
(505, '14021113064111', '635', 26, '16:30:00', 0, 1, 50.00, 0, 0),
(506, '14021113064111', '356', 26, '16:30:00', 0, 1, 50.00, 0, 0),
(507, '14021113064111', '365', 26, '16:30:00', 0, 1, 50.00, 0, 0),
(508, '14021113065512', '56', 26, '16:30:00', 0, 2, 5.00, 0, 0),
(509, '14021113065512', '56', 27, '16:30:00', 0, 2, 5.00, 0, 0),
(510, '14021113065512', '56', 30, '16:30:00', 0, 2, 5.00, 0, 0),
(511, '14021113065512', '56', 31, '16:30:00', 0, 2, 5.00, 0, 0),
(512, '14021113065512', '56', 71, '16:30:00', 0, 2, 5.00, 0, 0),
(513, '14021113065512', '56', 72, '16:30:00', 0, 2, 5.00, 0, 0),
(514, '14021113065512', '56', 82, '16:40:00', 0, 2, 5.00, 0, 0),
(515, '14021113065512', '56', 83, '16:40:00', 0, 2, 5.00, 0, 0),
(516, '14021113065512', '56', 95, '16:40:00', 0, 2, 5.00, 0, 0),
(517, '14021113065512', '56', 96, '16:40:00', 0, 2, 5.00, 0, 0),
(518, '14021113065512', '956', 96, '16:40:00', 0, 1, 2.50, 0, 0),
(519, '14021113065512', '956', 95, '16:40:00', 0, 1, 2.50, 0, 0),
(520, '14021113065512', '956', 83, '16:40:00', 0, 1, 2.50, 0, 0),
(521, '14021113065512', '956', 82, '16:40:00', 0, 1, 2.50, 0, 0),
(522, '14021113065512', '956', 72, '16:30:00', 0, 1, 2.50, 0, 0),
(523, '14021113065512', '956', 71, '16:30:00', 0, 1, 2.50, 0, 0),
(524, '14021113065512', '956', 31, '16:30:00', 0, 1, 2.50, 0, 0),
(525, '14021113065512', '956', 30, '16:30:00', 0, 1, 2.50, 0, 0),
(526, '14021113065512', '956', 27, '16:30:00', 0, 1, 2.50, 0, 0),
(527, '14021113065512', '956', 26, '16:30:00', 0, 1, 2.50, 0, 0),
(528, '14021113101513', '236', 87, '19:40:00', 0, 1, 50.00, 0, 0),
(529, '14021113101513', '236', 53, '19:30:00', 0, 1, 50.00, 0, 0),
(530, '14021113101513', '236', 52, '19:30:00', 0, 1, 50.00, 0, 0),
(531, '14021113101513', '236', 40, '16:45:00', 4, 3, 50.00, 0, 0),
(532, '14021113101513', '236', 40, '16:45:00', 3, 3, 50.00, 0, 0),
(533, '14021113101513', '236', 40, '16:45:00', 2, 3, 50.00, 0, 0),
(534, '14021113101513', '236', 39, '16:45:00', 0, 1, 50.00, 0, 0),
(535, '14021113101513', '236', 34, '16:45:00', 0, 1, 50.00, 0, 0),
(536, '14021113101513', '236', 96, '16:40:00', 0, 1, 50.00, 0, 0),
(537, '14021113101513', '236', 95, '16:40:00', 0, 1, 50.00, 0, 0),
(538, '14021113101513', '236', 83, '16:40:00', 0, 1, 50.00, 0, 0),
(539, '14021113101513', '236', 82, '16:40:00', 0, 1, 50.00, 0, 0),
(540, '14021113101513', '236', 73, '16:30:00', 0, 1, 50.00, 0, 0),
(541, '14021113101513', '236', 72, '16:30:00', 0, 1, 50.00, 0, 0),
(542, '14021113101513', '236', 31, '16:30:00', 0, 1, 50.00, 0, 0),
(543, '14021113101513', '236', 30, '16:30:00', 0, 1, 50.00, 0, 0),
(544, '14021113101513', '236', 27, '16:30:00', 0, 1, 50.00, 0, 0),
(545, '14021113161911', '130', 31, '16:30:00', 0, 1, 3.00, 0, 0),
(546, '14021113161911', '129', 31, '16:30:00', 0, 1, 3.00, 0, 0),
(547, '14021113161911', '128', 31, '16:30:00', 0, 1, 3.00, 0, 0),
(548, '14021113161911', '127', 31, '16:30:00', 0, 1, 3.00, 0, 0),
(549, '14021113161911', '126', 31, '16:30:00', 0, 1, 3.00, 0, 0),
(550, '14021113161911', '125', 31, '16:30:00', 0, 1, 3.00, 0, 0),
(551, '14021113161911', '124', 31, '16:30:00', 0, 1, 3.00, 0, 0),
(552, '14021113161911', '123', 31, '16:30:00', 0, 1, 3.00, 0, 0),
(553, '14021113161911', '122', 31, '16:30:00', 0, 1, 3.00, 0, 0),
(554, '14021113161911', '121', 31, '16:30:00', 0, 1, 3.00, 0, 0),
(555, '14021113161911', '120', 31, '16:30:00', 0, 1, 3.00, 0, 0),
(556, '14021113161911', '130', 30, '16:30:00', 0, 1, 3.00, 0, 0),
(557, '14021113161911', '129', 30, '16:30:00', 0, 1, 3.00, 0, 0),
(558, '14021113161911', '128', 30, '16:30:00', 0, 1, 3.00, 0, 0),
(559, '14021113161911', '127', 30, '16:30:00', 0, 1, 3.00, 0, 0),
(560, '14021113161911', '126', 30, '16:30:00', 0, 1, 3.00, 0, 0),
(561, '14021113161911', '125', 30, '16:30:00', 0, 1, 3.00, 0, 0),
(562, '14021113161911', '124', 30, '16:30:00', 0, 1, 3.00, 0, 0),
(563, '14021113161911', '123', 30, '16:30:00', 0, 1, 3.00, 0, 0),
(564, '14021113161911', '122', 30, '16:30:00', 0, 1, 3.00, 0, 0),
(565, '14021113161911', '121', 30, '16:30:00', 0, 1, 3.00, 0, 0),
(566, '14021113161911', '120', 30, '16:30:00', 0, 1, 3.00, 0, 0),
(567, '14021113161911', '130', 27, '16:30:00', 0, 1, 3.00, 0, 0),
(568, '14021113161911', '129', 27, '16:30:00', 0, 1, 3.00, 0, 0),
(569, '14021113161911', '128', 27, '16:30:00', 0, 1, 3.00, 0, 0),
(570, '14021113161911', '127', 27, '16:30:00', 0, 1, 3.00, 0, 0),
(571, '14021113161911', '126', 27, '16:30:00', 0, 1, 3.00, 0, 0),
(572, '14021113161911', '125', 27, '16:30:00', 0, 1, 3.00, 0, 0),
(573, '14021113161911', '124', 27, '16:30:00', 0, 1, 3.00, 0, 0),
(574, '14021113161911', '123', 27, '16:30:00', 0, 1, 3.00, 0, 0),
(575, '14021113161911', '122', 27, '16:30:00', 0, 1, 3.00, 0, 0),
(576, '14021113161911', '121', 27, '16:30:00', 0, 1, 3.00, 0, 0),
(577, '14021113161911', '120', 27, '16:30:00', 0, 1, 3.00, 0, 0),
(578, '14021113161911', '130', 26, '16:30:00', 0, 1, 3.00, 0, 0),
(579, '14021113161911', '129', 26, '16:30:00', 0, 1, 3.00, 0, 0),
(580, '14021113161911', '128', 26, '16:30:00', 0, 1, 3.00, 0, 0),
(581, '14021113161911', '127', 26, '16:30:00', 0, 1, 3.00, 0, 0),
(582, '14021113161911', '126', 26, '16:30:00', 0, 1, 3.00, 0, 0),
(583, '14021113161911', '125', 26, '16:30:00', 0, 1, 3.00, 0, 0),
(584, '14021113161911', '124', 26, '16:30:00', 0, 1, 3.00, 0, 0),
(585, '14021113161911', '123', 26, '16:30:00', 0, 1, 3.00, 0, 0),
(586, '14021113161911', '122', 26, '16:30:00', 0, 1, 3.00, 0, 0),
(587, '14021113161911', '121', 26, '16:30:00', 0, 1, 3.00, 0, 0),
(588, '14021113161911', '120', 26, '16:30:00', 0, 1, 3.00, 0, 0),
(589, '14021113161911', '236', 31, '16:30:00', 0, 1, 256.00, 0, 0),
(590, '14021113161911', '236', 30, '16:30:00', 0, 1, 256.00, 0, 0),
(591, '14021113161911', '236', 27, '16:30:00', 0, 1, 256.00, 0, 0),
(592, '14021113161911', '236', 26, '16:30:00', 0, 1, 256.00, 0, 0),
(593, '14021113170412', '29', 72, '16:30:00', 0, 2, 2.00, 0, 0),
(594, '14021113170412', '28', 72, '16:30:00', 0, 2, 2.00, 0, 0),
(595, '14021113170412', '27', 72, '16:30:00', 0, 2, 2.00, 0, 0),
(596, '14021113170412', '26', 72, '16:30:00', 0, 2, 2.00, 0, 0),
(597, '14021113170412', '25', 72, '16:30:00', 0, 2, 2.00, 0, 0),
(598, '14021113170412', '24', 72, '16:30:00', 0, 2, 2.00, 0, 0),
(599, '14021113170412', '23', 72, '16:30:00', 0, 2, 2.00, 0, 0),
(600, '14021113170412', '22', 72, '16:30:00', 0, 2, 2.00, 0, 0),
(601, '14021113170412', '21', 72, '16:30:00', 0, 2, 2.00, 0, 0),
(602, '14021113170412', '20', 72, '16:30:00', 0, 2, 2.00, 0, 0),
(603, '14021113170412', '29', 71, '16:30:00', 0, 2, 2.00, 0, 0),
(604, '14021113170412', '28', 71, '16:30:00', 0, 2, 2.00, 0, 0),
(605, '14021113170412', '27', 71, '16:30:00', 0, 2, 2.00, 0, 0),
(606, '14021113170412', '26', 71, '16:30:00', 0, 2, 2.00, 0, 0),
(607, '14021113170412', '25', 71, '16:30:00', 0, 2, 2.00, 0, 0),
(608, '14021113170412', '24', 71, '16:30:00', 0, 2, 2.00, 0, 0),
(609, '14021113170412', '23', 71, '16:30:00', 0, 2, 2.00, 0, 0),
(610, '14021113170412', '22', 71, '16:30:00', 0, 2, 2.00, 0, 0),
(611, '14021113170412', '21', 71, '16:30:00', 0, 2, 2.00, 0, 0),
(612, '14021113170412', '20', 71, '16:30:00', 0, 2, 2.00, 0, 0),
(613, '14021113170412', '29', 31, '16:30:00', 0, 2, 2.00, 0, 0),
(614, '14021113170412', '28', 31, '16:30:00', 0, 2, 2.00, 0, 0),
(615, '14021113170412', '27', 31, '16:30:00', 0, 2, 2.00, 0, 0),
(616, '14021113170412', '26', 31, '16:30:00', 0, 2, 2.00, 0, 0),
(617, '14021113170412', '25', 31, '16:30:00', 0, 2, 2.00, 0, 0),
(618, '14021113170412', '24', 31, '16:30:00', 0, 2, 2.00, 0, 0),
(619, '14021113170412', '23', 31, '16:30:00', 0, 2, 2.00, 0, 0),
(620, '14021113170412', '22', 31, '16:30:00', 0, 2, 2.00, 0, 0),
(621, '14021113170412', '21', 31, '16:30:00', 0, 2, 2.00, 0, 0),
(622, '14021113170412', '20', 31, '16:30:00', 0, 2, 2.00, 0, 0),
(623, '14021113170412', '29', 30, '16:30:00', 0, 2, 2.00, 0, 0),
(624, '14021113170412', '28', 30, '16:30:00', 0, 2, 2.00, 0, 0),
(625, '14021113170412', '27', 30, '16:30:00', 0, 2, 2.00, 0, 0),
(626, '14021113170412', '26', 30, '16:30:00', 0, 2, 2.00, 0, 0),
(627, '14021113170412', '25', 30, '16:30:00', 0, 2, 2.00, 0, 0),
(628, '14021113170412', '24', 30, '16:30:00', 0, 2, 2.00, 0, 0),
(629, '14021113170412', '23', 30, '16:30:00', 0, 2, 2.00, 0, 0),
(630, '14021113170412', '22', 30, '16:30:00', 0, 2, 2.00, 0, 0),
(631, '14021113170412', '21', 30, '16:30:00', 0, 2, 2.00, 0, 0),
(632, '14021113170412', '20', 30, '16:30:00', 0, 2, 2.00, 0, 0),
(633, '14021113170412', '29', 27, '16:30:00', 0, 2, 2.00, 0, 0),
(634, '14021113170412', '28', 27, '16:30:00', 0, 2, 2.00, 0, 0),
(635, '14021113170412', '27', 27, '16:30:00', 0, 2, 2.00, 0, 0),
(636, '14021113170412', '26', 27, '16:30:00', 0, 2, 2.00, 0, 0),
(637, '14021113170412', '25', 27, '16:30:00', 0, 2, 2.00, 0, 0),
(638, '14021113170412', '24', 27, '16:30:00', 0, 2, 2.00, 0, 0),
(639, '14021113170412', '23', 27, '16:30:00', 0, 2, 2.00, 0, 0),
(640, '14021113170412', '22', 27, '16:30:00', 0, 2, 2.00, 0, 0),
(641, '14021113170412', '21', 27, '16:30:00', 0, 2, 2.00, 0, 0),
(642, '14021113170412', '20', 27, '16:30:00', 0, 2, 2.00, 0, 0),
(643, '14021113170412', '29', 26, '16:30:00', 0, 2, 2.00, 0, 0),
(644, '14021113170412', '28', 26, '16:30:00', 0, 2, 2.00, 0, 0),
(645, '14021113170412', '27', 26, '16:30:00', 0, 2, 2.00, 0, 0),
(646, '14021113170412', '26', 26, '16:30:00', 0, 2, 2.00, 0, 0),
(647, '14021113170412', '25', 26, '16:30:00', 0, 2, 2.00, 0, 0),
(648, '14021113170412', '24', 26, '16:30:00', 0, 2, 2.00, 0, 0),
(649, '14021113170412', '23', 26, '16:30:00', 0, 2, 2.00, 0, 0),
(650, '14021113170412', '22', 26, '16:30:00', 0, 2, 2.00, 0, 0),
(651, '14021113170412', '21', 26, '16:30:00', 0, 2, 2.00, 0, 0),
(652, '14021113170412', '20', 26, '16:30:00', 0, 2, 2.00, 0, 0),
(653, '14021113170412', '920', 72, '16:30:00', 0, 1, 2.00, 0, 0),
(654, '14021113170412', '820', 72, '16:30:00', 0, 1, 2.00, 0, 0),
(655, '14021113170412', '720', 72, '16:30:00', 0, 1, 2.00, 0, 0),
(656, '14021113170412', '620', 72, '16:30:00', 0, 1, 2.00, 0, 0),
(657, '14021113170412', '520', 72, '16:30:00', 0, 1, 2.00, 0, 0),
(658, '14021113170412', '420', 72, '16:30:00', 0, 1, 2.00, 0, 0),
(659, '14021113170412', '320', 72, '16:30:00', 0, 1, 2.00, 0, 0),
(660, '14021113170412', '220', 72, '16:30:00', 0, 1, 2.00, 0, 0),
(661, '14021113170412', '120', 72, '16:30:00', 0, 1, 2.00, 0, 0),
(662, '14021113170412', '020', 72, '16:30:00', 0, 1, 2.00, 0, 0),
(663, '14021113170412', '920', 71, '16:30:00', 0, 1, 2.00, 0, 0),
(664, '14021113170412', '820', 71, '16:30:00', 0, 1, 2.00, 0, 0),
(665, '14021113170412', '720', 71, '16:30:00', 0, 1, 2.00, 0, 0),
(666, '14021113170412', '620', 71, '16:30:00', 0, 1, 2.00, 0, 0),
(667, '14021113170412', '520', 71, '16:30:00', 0, 1, 2.00, 0, 0),
(668, '14021113170412', '420', 71, '16:30:00', 0, 1, 2.00, 0, 0),
(669, '14021113170412', '320', 71, '16:30:00', 0, 1, 2.00, 0, 0),
(670, '14021113170412', '220', 71, '16:30:00', 0, 1, 2.00, 0, 0),
(671, '14021113170412', '120', 71, '16:30:00', 0, 1, 2.00, 0, 0),
(672, '14021113170412', '020', 71, '16:30:00', 0, 1, 2.00, 0, 0),
(673, '14021113170412', '920', 31, '16:30:00', 0, 1, 2.00, 0, 0),
(674, '14021113170412', '820', 31, '16:30:00', 0, 1, 2.00, 0, 0),
(675, '14021113170412', '720', 31, '16:30:00', 0, 1, 2.00, 0, 0),
(676, '14021113170412', '620', 31, '16:30:00', 0, 1, 2.00, 0, 0),
(677, '14021113170412', '520', 31, '16:30:00', 0, 1, 2.00, 0, 0),
(678, '14021113170412', '420', 31, '16:30:00', 0, 1, 2.00, 0, 0),
(679, '14021113170412', '320', 31, '16:30:00', 0, 1, 2.00, 0, 0),
(680, '14021113170412', '220', 31, '16:30:00', 0, 1, 2.00, 0, 0),
(681, '14021113170412', '120', 31, '16:30:00', 0, 1, 2.00, 0, 0),
(682, '14021113170412', '020', 31, '16:30:00', 0, 1, 2.00, 0, 0),
(683, '14021113170412', '920', 30, '16:30:00', 0, 1, 2.00, 0, 0),
(684, '14021113170412', '820', 30, '16:30:00', 0, 1, 2.00, 0, 0),
(685, '14021113170412', '720', 30, '16:30:00', 0, 1, 2.00, 0, 0),
(686, '14021113170412', '620', 30, '16:30:00', 0, 1, 2.00, 0, 0),
(687, '14021113170412', '520', 30, '16:30:00', 0, 1, 2.00, 0, 0),
(688, '14021113170412', '420', 30, '16:30:00', 0, 1, 2.00, 0, 0),
(689, '14021113170412', '320', 30, '16:30:00', 0, 1, 2.00, 0, 0),
(690, '14021113170412', '220', 30, '16:30:00', 0, 1, 2.00, 0, 0),
(691, '14021113170412', '120', 30, '16:30:00', 0, 1, 2.00, 0, 0),
(692, '14021113170412', '020', 30, '16:30:00', 0, 1, 2.00, 0, 0),
(693, '14021113170412', '920', 27, '16:30:00', 0, 1, 2.00, 0, 0),
(694, '14021113170412', '820', 27, '16:30:00', 0, 1, 2.00, 0, 0),
(695, '14021113170412', '720', 27, '16:30:00', 0, 1, 2.00, 0, 0),
(696, '14021113170412', '620', 27, '16:30:00', 0, 1, 2.00, 0, 0),
(697, '14021113170412', '520', 27, '16:30:00', 0, 1, 2.00, 0, 0),
(698, '14021113170412', '420', 27, '16:30:00', 0, 1, 2.00, 0, 0),
(699, '14021113170412', '320', 27, '16:30:00', 0, 1, 2.00, 0, 0),
(700, '14021113170412', '220', 27, '16:30:00', 0, 1, 2.00, 0, 0),
(701, '14021113170412', '120', 27, '16:30:00', 0, 1, 2.00, 0, 0),
(702, '14021113170412', '020', 27, '16:30:00', 0, 1, 2.00, 0, 0),
(703, '14021113170412', '920', 26, '16:30:00', 0, 1, 2.00, 0, 0),
(704, '14021113170412', '820', 26, '16:30:00', 0, 1, 2.00, 0, 0),
(705, '14021113170412', '720', 26, '16:30:00', 0, 1, 2.00, 0, 0),
(706, '14021113170412', '620', 26, '16:30:00', 0, 1, 2.00, 0, 0),
(707, '14021113170412', '520', 26, '16:30:00', 0, 1, 2.00, 0, 0),
(708, '14021113170412', '420', 26, '16:30:00', 0, 1, 2.00, 0, 0),
(709, '14021113170412', '320', 26, '16:30:00', 0, 1, 2.00, 0, 0),
(710, '14021113170412', '220', 26, '16:30:00', 0, 1, 2.00, 0, 0),
(711, '14021113170412', '120', 26, '16:30:00', 0, 1, 2.00, 0, 0),
(712, '14021113170412', '020', 26, '16:30:00', 0, 1, 2.00, 0, 0),
(713, '14021113225712', '329', 66, '21:00:00', 1, 3, 2.00, 0, 0),
(714, '14021113225712', '392', 66, '21:00:00', 1, 3, 2.00, 0, 0),
(715, '14021113225712', '239', 66, '21:00:00', 1, 3, 2.00, 0, 0),
(716, '14021113225712', '293', 66, '21:00:00', 1, 3, 2.00, 0, 0),
(717, '14021113225712', '932', 66, '21:00:00', 1, 3, 2.00, 0, 0),
(718, '14021113225712', '923', 66, '21:00:00', 1, 3, 2.00, 0, 0),
(719, '14021113225712', '329', 65, '21:00:00', 0, 1, 2.00, 0, 0),
(720, '14021113225712', '392', 65, '21:00:00', 0, 1, 2.00, 0, 0),
(721, '14021113225712', '239', 65, '21:00:00', 0, 1, 2.00, 0, 0),
(722, '14021113225712', '293', 65, '21:00:00', 0, 1, 2.00, 0, 0),
(723, '14021113225712', '932', 65, '21:00:00', 0, 1, 2.00, 0, 0),
(724, '14021113225712', '923', 65, '21:00:00', 0, 1, 2.00, 0, 0),
(725, '14021113225712', '329', 64, '21:00:00', 0, 1, 2.00, 0, 0),
(726, '14021113225712', '392', 64, '21:00:00', 0, 1, 2.00, 0, 0),
(727, '14021113225712', '239', 64, '21:00:00', 0, 1, 2.00, 0, 0),
(728, '14021113225712', '293', 64, '21:00:00', 0, 1, 2.00, 0, 0),
(729, '14021113225712', '932', 64, '21:00:00', 0, 1, 2.00, 0, 0),
(730, '14021113225712', '923', 64, '21:00:00', 0, 1, 2.00, 0, 0),
(731, '14021113225712', '329', 63, '21:00:00', 0, 1, 2.00, 0, 0),
(732, '14021113225712', '392', 63, '21:00:00', 0, 1, 2.00, 0, 0),
(733, '14021113225712', '239', 63, '21:00:00', 0, 1, 2.00, 0, 0),
(734, '14021113225712', '293', 63, '21:00:00', 0, 1, 2.00, 0, 0),
(735, '14021113225712', '932', 63, '21:00:00', 0, 1, 2.00, 0, 0),
(736, '14021113225712', '923', 63, '21:00:00', 0, 1, 2.00, 0, 0),
(737, '14021113300712', '34', 31, '16:30:00', 0, 2, 5.00, 0, 0),
(738, '14021113300712', '43', 31, '16:30:00', 0, 2, 5.00, 0, 0),
(739, '14021113300712', '14', 31, '16:30:00', 0, 2, 5.00, 0, 0),
(740, '14021113300712', '24', 31, '16:30:00', 0, 2, 5.00, 0, 0),
(741, '14021113300712', '41', 31, '16:30:00', 0, 2, 5.00, 0, 0),
(742, '14021113300712', '42', 31, '16:30:00', 0, 2, 5.00, 0, 0),
(743, '14021113300712', '12', 31, '16:30:00', 0, 2, 5.00, 0, 0),
(744, '14021113300712', '13', 31, '16:30:00', 0, 2, 5.00, 0, 0),
(745, '14021113300712', '21', 31, '16:30:00', 0, 2, 5.00, 0, 0),
(746, '14021113300712', '23', 31, '16:30:00', 0, 2, 5.00, 0, 0),
(747, '14021113300712', '31', 31, '16:30:00', 0, 2, 5.00, 0, 0),
(748, '14021113300712', '32', 31, '16:30:00', 0, 2, 5.00, 0, 0),
(749, '14021113300712', '432', 31, '16:30:00', 0, 1, 2.00, 0, 0),
(750, '14021113300712', '431', 31, '16:30:00', 0, 1, 2.00, 0, 0),
(751, '14021113300712', '423', 31, '16:30:00', 0, 1, 2.00, 0, 0),
(752, '14021113300712', '421', 31, '16:30:00', 0, 1, 2.00, 0, 0),
(753, '14021113300712', '413', 31, '16:30:00', 0, 1, 2.00, 0, 0),
(754, '14021113300712', '412', 31, '16:30:00', 0, 1, 2.00, 0, 0),
(755, '14021113300712', '342', 31, '16:30:00', 0, 1, 2.00, 0, 0),
(756, '14021113300712', '341', 31, '16:30:00', 0, 1, 2.00, 0, 0),
(757, '14021113300712', '324', 31, '16:30:00', 0, 1, 2.00, 0, 0),
(758, '14021113300712', '321', 31, '16:30:00', 0, 1, 2.00, 0, 0),
(759, '14021113300712', '314', 31, '16:30:00', 0, 1, 2.00, 0, 0),
(760, '14021113300712', '312', 31, '16:30:00', 0, 1, 2.00, 0, 0),
(761, '14021113300712', '243', 31, '16:30:00', 0, 1, 2.00, 0, 0),
(762, '14021113300712', '241', 31, '16:30:00', 0, 1, 2.00, 0, 0),
(763, '14021113300712', '234', 31, '16:30:00', 0, 1, 2.00, 0, 0),
(764, '14021113300712', '231', 31, '16:30:00', 0, 1, 2.00, 0, 0),
(765, '14021113300712', '214', 31, '16:30:00', 0, 1, 2.00, 0, 0),
(766, '14021113300712', '213', 31, '16:30:00', 0, 1, 2.00, 0, 0),
(767, '14021113300712', '143', 31, '16:30:00', 0, 1, 2.00, 0, 0),
(768, '14021113300712', '142', 31, '16:30:00', 0, 1, 2.00, 0, 0),
(769, '14021113300712', '134', 31, '16:30:00', 0, 1, 2.00, 0, 0),
(770, '14021113300712', '132', 31, '16:30:00', 0, 1, 2.00, 0, 0),
(771, '14021113300712', '124', 31, '16:30:00', 0, 1, 2.00, 0, 0),
(772, '14021113300712', '123', 31, '16:30:00', 0, 1, 2.00, 0, 0),
(773, '14021113300712', '432', 30, '16:30:00', 0, 1, 2.00, 0, 0),
(774, '14021113300712', '431', 30, '16:30:00', 0, 1, 2.00, 0, 0),
(775, '14021113300712', '423', 30, '16:30:00', 0, 1, 2.00, 0, 0),
(776, '14021113300712', '421', 30, '16:30:00', 0, 1, 2.00, 0, 0),
(777, '14021113300712', '413', 30, '16:30:00', 0, 1, 2.00, 0, 0),
(778, '14021113300712', '412', 30, '16:30:00', 0, 1, 2.00, 0, 0),
(779, '14021113300712', '342', 30, '16:30:00', 0, 1, 2.00, 0, 0),
(780, '14021113300712', '341', 30, '16:30:00', 0, 1, 2.00, 0, 0),
(781, '14021113300712', '324', 30, '16:30:00', 0, 1, 2.00, 0, 0),
(782, '14021113300712', '321', 30, '16:30:00', 0, 1, 2.00, 0, 0),
(783, '14021113300712', '314', 30, '16:30:00', 0, 1, 2.00, 0, 0),
(784, '14021113300712', '312', 30, '16:30:00', 0, 1, 2.00, 0, 0),
(785, '14021113300712', '243', 30, '16:30:00', 0, 1, 2.00, 0, 0),
(786, '14021113300712', '241', 30, '16:30:00', 0, 1, 2.00, 0, 0),
(787, '14021113300712', '234', 30, '16:30:00', 0, 1, 2.00, 0, 0),
(788, '14021113300712', '231', 30, '16:30:00', 0, 1, 2.00, 0, 0),
(789, '14021113300712', '214', 30, '16:30:00', 0, 1, 2.00, 0, 0),
(790, '14021113300712', '213', 30, '16:30:00', 0, 1, 2.00, 0, 0),
(791, '14021113300712', '143', 30, '16:30:00', 0, 1, 2.00, 0, 0),
(792, '14021113300712', '142', 30, '16:30:00', 0, 1, 2.00, 0, 0),
(793, '14021113300712', '134', 30, '16:30:00', 0, 1, 2.00, 0, 0),
(794, '14021113300712', '132', 30, '16:30:00', 0, 1, 2.00, 0, 0),
(795, '14021113300712', '124', 30, '16:30:00', 0, 1, 2.00, 0, 0),
(796, '14021113300712', '123', 30, '16:30:00', 0, 1, 2.00, 0, 0),
(797, '14021113300712', '432', 27, '16:30:00', 0, 1, 2.00, 0, 0),
(798, '14021113300712', '431', 27, '16:30:00', 0, 1, 2.00, 0, 0),
(799, '14021113300712', '423', 27, '16:30:00', 0, 1, 2.00, 0, 0),
(800, '14021113300712', '421', 27, '16:30:00', 0, 1, 2.00, 0, 0),
(801, '14021113300712', '413', 27, '16:30:00', 0, 1, 2.00, 0, 0),
(802, '14021113300712', '412', 27, '16:30:00', 0, 1, 2.00, 0, 0),
(803, '14021113300712', '342', 27, '16:30:00', 0, 1, 2.00, 0, 0),
(804, '14021113300712', '341', 27, '16:30:00', 0, 1, 2.00, 0, 0),
(805, '14021113300712', '324', 27, '16:30:00', 0, 1, 2.00, 0, 0),
(806, '14021113300712', '321', 27, '16:30:00', 0, 1, 2.00, 0, 0),
(807, '14021113300712', '314', 27, '16:30:00', 0, 1, 2.00, 0, 0),
(808, '14021113300712', '312', 27, '16:30:00', 0, 1, 2.00, 0, 0),
(809, '14021113300712', '243', 27, '16:30:00', 0, 1, 2.00, 0, 0),
(810, '14021113300712', '241', 27, '16:30:00', 0, 1, 2.00, 0, 0);
INSERT INTO `detalle_ticket` (`id_detalle_ticket`, `id_ticket`, `numero`, `id_sorteo`, `hora_sorteo`, `id_zodiacal`, `id_tipo_jugada`, `monto`, `premiado`, `total_premiado`) VALUES
(811, '14021113300712', '234', 27, '16:30:00', 0, 1, 2.00, 0, 0),
(812, '14021113300712', '231', 27, '16:30:00', 0, 1, 2.00, 0, 0),
(813, '14021113300712', '214', 27, '16:30:00', 0, 1, 2.00, 0, 0),
(814, '14021113300712', '213', 27, '16:30:00', 0, 1, 2.00, 0, 0),
(815, '14021113300712', '143', 27, '16:30:00', 0, 1, 2.00, 0, 0),
(816, '14021113300712', '142', 27, '16:30:00', 0, 1, 2.00, 0, 0),
(817, '14021113300712', '134', 27, '16:30:00', 0, 1, 2.00, 0, 0),
(818, '14021113300712', '132', 27, '16:30:00', 0, 1, 2.00, 0, 0),
(819, '14021113300712', '124', 27, '16:30:00', 0, 1, 2.00, 0, 0),
(820, '14021113300712', '123', 27, '16:30:00', 0, 1, 2.00, 0, 0),
(821, '14021113300712', '432', 26, '16:30:00', 0, 1, 2.00, 0, 0),
(822, '14021113300712', '431', 26, '16:30:00', 0, 1, 2.00, 0, 0),
(823, '14021113300712', '423', 26, '16:30:00', 0, 1, 2.00, 0, 0),
(824, '14021113300712', '421', 26, '16:30:00', 0, 1, 2.00, 0, 0),
(825, '14021113300712', '413', 26, '16:30:00', 0, 1, 2.00, 0, 0),
(826, '14021113300712', '412', 26, '16:30:00', 0, 1, 2.00, 0, 0),
(827, '14021113300712', '342', 26, '16:30:00', 0, 1, 2.00, 0, 0),
(828, '14021113300712', '341', 26, '16:30:00', 0, 1, 2.00, 0, 0),
(829, '14021113300712', '324', 26, '16:30:00', 0, 1, 2.00, 0, 0),
(830, '14021113300712', '321', 26, '16:30:00', 0, 1, 2.00, 0, 0),
(831, '14021113300712', '314', 26, '16:30:00', 0, 1, 2.00, 0, 0),
(832, '14021113300712', '312', 26, '16:30:00', 0, 1, 2.00, 0, 0),
(833, '14021113300712', '243', 26, '16:30:00', 0, 1, 2.00, 0, 0),
(834, '14021113300712', '241', 26, '16:30:00', 0, 1, 2.00, 0, 0),
(835, '14021113300712', '234', 26, '16:30:00', 0, 1, 2.00, 0, 0),
(836, '14021113300712', '231', 26, '16:30:00', 0, 1, 2.00, 0, 0),
(837, '14021113300712', '214', 26, '16:30:00', 0, 1, 2.00, 0, 0),
(838, '14021113300712', '213', 26, '16:30:00', 0, 1, 2.00, 0, 0),
(839, '14021113300712', '143', 26, '16:30:00', 0, 1, 2.00, 0, 0),
(840, '14021113300712', '142', 26, '16:30:00', 0, 1, 2.00, 0, 0),
(841, '14021113300712', '134', 26, '16:30:00', 0, 1, 2.00, 0, 0),
(842, '14021113300712', '132', 26, '16:30:00', 0, 1, 2.00, 0, 0),
(843, '14021113300712', '124', 26, '16:30:00', 0, 1, 2.00, 0, 0),
(844, '14021113300712', '123', 26, '16:30:00', 0, 1, 2.00, 0, 0),
(845, '14021113440111', '936', 64, '21:00:00', 0, 1, 1.00, 0, 0),
(846, '14021113440111', '836', 64, '21:00:00', 0, 1, 1.00, 0, 0),
(847, '14021113440111', '736', 64, '21:00:00', 0, 1, 1.00, 0, 0),
(848, '14021113440111', '636', 64, '21:00:00', 0, 1, 1.00, 0, 0),
(849, '14021113440111', '536', 64, '21:00:00', 0, 1, 1.00, 0, 0),
(850, '14021113440111', '436', 64, '21:00:00', 0, 1, 1.00, 0, 0),
(851, '14021113440111', '336', 64, '21:00:00', 0, 1, 1.00, 0, 0),
(852, '14021113440111', '236', 64, '21:00:00', 0, 1, 1.00, 0, 0),
(853, '14021113440111', '136', 64, '21:00:00', 0, 1, 1.00, 0, 0),
(854, '14021113440111', '036', 64, '21:00:00', 0, 1, 1.00, 0, 0),
(855, '14021113440111', '936', 63, '21:00:00', 0, 1, 1.00, 0, 0),
(856, '14021113440111', '836', 63, '21:00:00', 0, 1, 1.00, 0, 0),
(857, '14021113440111', '736', 63, '21:00:00', 0, 1, 1.00, 0, 0),
(858, '14021113440111', '636', 63, '21:00:00', 0, 1, 1.00, 0, 0),
(859, '14021113440111', '536', 63, '21:00:00', 0, 1, 1.00, 0, 0),
(860, '14021113440111', '436', 63, '21:00:00', 0, 1, 1.00, 0, 0),
(861, '14021113440111', '336', 63, '21:00:00', 0, 1, 1.00, 0, 0),
(862, '14021113440111', '236', 63, '21:00:00', 0, 1, 1.00, 0, 0),
(863, '14021113440111', '136', 63, '21:00:00', 0, 1, 1.00, 0, 0),
(864, '14021113440111', '036', 63, '21:00:00', 0, 1, 1.00, 0, 0),
(865, '14021113473412', '231', 31, '16:30:00', 0, 1, 2.00, 0, 0),
(866, '14021113473412', '231', 30, '16:30:00', 0, 1, 2.00, 0, 0),
(867, '14021113475113', '984', 83, '16:40:00', 0, 1, 0.50, 0, 0),
(868, '14021113475113', '884', 83, '16:40:00', 0, 1, 0.50, 0, 0),
(869, '14021113475113', '784', 83, '16:40:00', 0, 1, 0.50, 0, 0),
(870, '14021113475113', '684', 83, '16:40:00', 0, 1, 0.50, 0, 0),
(871, '14021113475113', '584', 83, '16:40:00', 0, 1, 0.50, 0, 0),
(872, '14021113475113', '484', 83, '16:40:00', 0, 1, 0.50, 0, 0),
(873, '14021113475113', '384', 83, '16:40:00', 0, 1, 0.50, 0, 0),
(874, '14021113475113', '284', 83, '16:40:00', 0, 1, 0.50, 0, 0),
(875, '14021113475113', '184', 83, '16:40:00', 0, 1, 0.50, 0, 0),
(876, '14021113475113', '084', 83, '16:40:00', 0, 1, 0.50, 0, 0),
(877, '14021113475113', '984', 82, '16:40:00', 0, 1, 0.50, 0, 0),
(878, '14021113475113', '884', 82, '16:40:00', 0, 1, 0.50, 0, 0),
(879, '14021113475113', '784', 82, '16:40:00', 0, 1, 0.50, 0, 0),
(880, '14021113475113', '684', 82, '16:40:00', 0, 1, 0.50, 0, 0),
(881, '14021113475113', '584', 82, '16:40:00', 0, 1, 0.50, 0, 0),
(882, '14021113475113', '484', 82, '16:40:00', 0, 1, 0.50, 0, 0),
(883, '14021113475113', '384', 82, '16:40:00', 0, 1, 0.50, 0, 0),
(884, '14021113475113', '284', 82, '16:40:00', 0, 1, 0.50, 0, 0),
(885, '14021113475113', '184', 82, '16:40:00', 0, 1, 0.50, 0, 0),
(886, '14021113475113', '084', 82, '16:40:00', 0, 1, 0.50, 0, 0),
(887, '14021113475113', '984', 72, '16:30:00', 0, 1, 0.50, 0, 0),
(888, '14021113475113', '884', 72, '16:30:00', 0, 1, 0.50, 0, 0),
(889, '14021113475113', '784', 72, '16:30:00', 0, 1, 0.50, 0, 0),
(890, '14021113475113', '684', 72, '16:30:00', 0, 1, 0.50, 0, 0),
(891, '14021113475113', '584', 72, '16:30:00', 0, 1, 0.50, 0, 0),
(892, '14021113475113', '484', 72, '16:30:00', 0, 1, 0.50, 0, 0),
(893, '14021113475113', '384', 72, '16:30:00', 0, 1, 0.50, 0, 0),
(894, '14021113475113', '284', 72, '16:30:00', 0, 1, 0.50, 0, 0),
(895, '14021113475113', '184', 72, '16:30:00', 0, 1, 0.50, 0, 0),
(896, '14021113475113', '084', 72, '16:30:00', 0, 1, 0.50, 0, 0),
(897, '14021113475113', '984', 71, '16:30:00', 0, 1, 0.50, 0, 0),
(898, '14021113475113', '884', 71, '16:30:00', 0, 1, 0.50, 0, 0),
(899, '14021113475113', '784', 71, '16:30:00', 0, 1, 0.50, 0, 0),
(900, '14021113475113', '684', 71, '16:30:00', 0, 1, 0.50, 0, 0),
(901, '14021113475113', '584', 71, '16:30:00', 0, 1, 0.50, 0, 0),
(902, '14021113475113', '484', 71, '16:30:00', 0, 1, 0.50, 0, 0),
(903, '14021113475113', '384', 71, '16:30:00', 0, 1, 0.50, 0, 0),
(904, '14021113475113', '284', 71, '16:30:00', 0, 1, 0.50, 0, 0),
(905, '14021113475113', '184', 71, '16:30:00', 0, 1, 0.50, 0, 0),
(906, '14021113475113', '084', 71, '16:30:00', 0, 1, 0.50, 0, 0),
(907, '14021113475113', '984', 31, '16:30:00', 0, 1, 0.50, 0, 0),
(908, '14021113475113', '884', 31, '16:30:00', 0, 1, 0.50, 0, 0),
(909, '14021113475113', '784', 31, '16:30:00', 0, 1, 0.50, 0, 0),
(910, '14021113475113', '684', 31, '16:30:00', 0, 1, 0.50, 0, 0),
(911, '14021113475113', '584', 31, '16:30:00', 0, 1, 0.50, 0, 0),
(912, '14021113475113', '484', 31, '16:30:00', 0, 1, 0.50, 0, 0),
(913, '14021113475113', '384', 31, '16:30:00', 0, 1, 0.50, 0, 0),
(914, '14021113475113', '284', 31, '16:30:00', 0, 1, 0.50, 0, 0),
(915, '14021113475113', '184', 31, '16:30:00', 0, 1, 0.50, 0, 0),
(916, '14021113475113', '084', 31, '16:30:00', 0, 1, 0.50, 0, 0),
(917, '14021113475113', '984', 30, '16:30:00', 0, 1, 0.50, 0, 0),
(918, '14021113475113', '884', 30, '16:30:00', 0, 1, 0.50, 0, 0),
(919, '14021113475113', '784', 30, '16:30:00', 0, 1, 0.50, 0, 0),
(920, '14021113475113', '684', 30, '16:30:00', 0, 1, 0.50, 0, 0),
(921, '14021113475113', '584', 30, '16:30:00', 0, 1, 0.50, 0, 0),
(922, '14021113475113', '484', 30, '16:30:00', 0, 1, 0.50, 0, 0),
(923, '14021113475113', '384', 30, '16:30:00', 0, 1, 0.50, 0, 0),
(924, '14021113475113', '284', 30, '16:30:00', 0, 1, 0.50, 0, 0),
(925, '14021113475113', '184', 30, '16:30:00', 0, 1, 0.50, 0, 0),
(926, '14021113475113', '084', 30, '16:30:00', 0, 1, 0.50, 0, 0),
(927, '14021113475113', '984', 27, '16:30:00', 0, 1, 0.50, 0, 0),
(928, '14021113475113', '884', 27, '16:30:00', 0, 1, 0.50, 0, 0),
(929, '14021113475113', '784', 27, '16:30:00', 0, 1, 0.50, 0, 0),
(930, '14021113475113', '684', 27, '16:30:00', 0, 1, 0.50, 0, 0),
(931, '14021113475113', '584', 27, '16:30:00', 0, 1, 0.50, 0, 0),
(932, '14021113475113', '484', 27, '16:30:00', 0, 1, 0.50, 0, 0),
(933, '14021113475113', '384', 27, '16:30:00', 0, 1, 0.50, 0, 0),
(934, '14021113475113', '284', 27, '16:30:00', 0, 1, 0.50, 0, 0),
(935, '14021113475113', '184', 27, '16:30:00', 0, 1, 0.50, 0, 0),
(936, '14021113475113', '084', 27, '16:30:00', 0, 1, 0.50, 0, 0),
(937, '14021113475113', '984', 26, '16:30:00', 0, 1, 0.50, 0, 0),
(938, '14021113475113', '884', 26, '16:30:00', 0, 1, 0.50, 0, 0),
(939, '14021113475113', '784', 26, '16:30:00', 0, 1, 0.50, 0, 0),
(940, '14021113475113', '684', 26, '16:30:00', 0, 1, 0.50, 0, 0),
(941, '14021113475113', '584', 26, '16:30:00', 0, 1, 0.50, 0, 0),
(942, '14021113475113', '484', 26, '16:30:00', 0, 1, 0.50, 0, 0),
(943, '14021113475113', '384', 26, '16:30:00', 0, 1, 0.50, 0, 0),
(944, '14021113475113', '284', 26, '16:30:00', 0, 1, 0.50, 0, 0),
(945, '14021113475113', '184', 26, '16:30:00', 0, 1, 0.50, 0, 0),
(946, '14021113475113', '084', 26, '16:30:00', 0, 1, 0.50, 0, 0),
(947, '14021113504311', '159', 102, '19:35:00', 7, 3, 6.00, 0, 0),
(948, '14021113504311', '159', 102, '19:35:00', 6, 3, 6.00, 0, 0),
(949, '14021113504311', '159', 102, '19:35:00', 5, 3, 6.00, 0, 0),
(950, '14021113504311', '159', 102, '19:35:00', 4, 3, 6.00, 0, 0),
(951, '14021113504311', '159', 102, '19:35:00', 3, 3, 6.00, 0, 0),
(952, '14021113504311', '159', 101, '19:35:00', 0, 1, 6.00, 0, 0),
(953, '14021113504311', '159', 100, '19:35:00', 0, 1, 6.00, 0, 0),
(954, '14021113504311', '159', 99, '19:35:00', 0, 1, 6.00, 0, 0),
(955, '14021114070613', '319', 48, '19:45:00', 0, 1, 5.00, 0, 0),
(956, '14021114070613', '319', 56, '19:45:00', 0, 1, 5.00, 0, 0),
(957, '14021114070613', '319', 59, '20:00:00', 0, 1, 5.00, 0, 0),
(958, '14021114070613', '319', 60, '20:00:00', 0, 1, 5.00, 0, 0),
(959, '14021114070613', '124', 62, '20:00:00', 5, 3, 2.00, 0, 0),
(960, '14021114141513', '24', 42, '17:00:00', 0, 2, 1.00, 0, 0),
(961, '14021114141513', '43', 26, '16:30:00', 0, 2, 1.00, 0, 0),
(962, '14021114141513', '43', 27, '16:30:00', 0, 2, 1.00, 0, 0),
(963, '14021114141513', '43', 30, '16:30:00', 0, 2, 1.00, 0, 0),
(964, '14021114141513', '43', 31, '16:30:00', 0, 2, 1.00, 0, 0),
(965, '14021114141513', '43', 37, '16:45:00', 0, 2, 1.00, 0, 0),
(966, '14021114141513', '43', 38, '16:45:00', 0, 2, 1.00, 0, 0),
(967, '14021114141513', '43', 41, '17:00:00', 0, 2, 1.00, 0, 0),
(968, '14021114141513', '43', 42, '17:00:00', 0, 2, 1.00, 0, 0),
(969, '14021114141513', '243', 42, '17:00:00', 0, 1, 1.00, 0, 0),
(970, '14021114141513', '243', 41, '17:00:00', 0, 1, 1.00, 0, 0),
(971, '14021114141513', '243', 38, '16:45:00', 0, 1, 1.00, 0, 0),
(972, '14021114141513', '243', 37, '16:45:00', 0, 1, 1.00, 0, 0),
(973, '14021114141513', '243', 31, '16:30:00', 0, 1, 1.00, 0, 0),
(974, '14021114141513', '243', 30, '16:30:00', 0, 1, 1.00, 0, 0),
(975, '14021114141513', '243', 27, '16:30:00', 0, 1, 1.00, 0, 0),
(976, '14021114141513', '243', 26, '16:30:00', 0, 1, 1.00, 0, 0),
(977, '14021114141513', '824', 42, '17:00:00', 0, 1, 1.00, 0, 0),
(978, '14021114141513', '824', 41, '17:00:00', 0, 1, 1.00, 0, 0),
(979, '14021114141513', '824', 38, '16:45:00', 0, 1, 1.00, 0, 0),
(980, '14021114141513', '824', 37, '16:45:00', 0, 1, 1.00, 0, 0),
(981, '14021114141513', '824', 31, '16:30:00', 0, 1, 1.00, 0, 0),
(982, '14021114141513', '824', 30, '16:30:00', 0, 1, 1.00, 0, 0),
(983, '14021114141513', '824', 27, '16:30:00', 0, 1, 1.00, 0, 0),
(984, '14021114141513', '824', 26, '16:30:00', 0, 1, 1.00, 0, 0),
(985, '14021114154411', '159', 99, '19:35:00', 0, 1, 3.00, 0, 0),
(986, '14021114154411', '159', 100, '19:35:00', 0, 1, 3.00, 0, 0),
(987, '14021114154411', '159', 101, '19:35:00', 0, 1, 6.00, 0, 0),
(988, '14021114154411', '159', 102, '19:35:00', 3, 3, 6.00, 0, 0),
(989, '14021114154411', '159', 102, '19:35:00', 5, 3, 6.00, 0, 0),
(990, '14021114154411', '159', 102, '19:35:00', 7, 3, 6.00, 0, 0),
(991, '14021114275913', '214', 83, '16:40:00', 0, 1, 1.00, 0, 0),
(992, '14021114275913', '214', 82, '16:40:00', 0, 1, 1.00, 0, 0),
(993, '14021114275913', '214', 31, '16:30:00', 0, 1, 1.00, 0, 0),
(994, '14021114275913', '214', 30, '16:30:00', 0, 1, 1.00, 0, 0),
(995, '14021114275913', '214', 28, '16:30:00', 0, 1, 1.00, 0, 0),
(996, '14021114275913', '214', 27, '16:30:00', 0, 1, 1.00, 0, 0),
(997, '14021114295712', '123', 66, '21:00:00', 1, 3, 1.00, 0, 0),
(998, '14021114295712', '123', 65, '21:00:00', 0, 1, 1.00, 0, 0),
(999, '14021114295712', '123', 64, '21:00:00', 0, 1, 1.00, 0, 0),
(1000, '14021114295712', '123', 63, '21:00:00', 0, 1, 1.00, 0, 0),
(1001, '14021114295712', '123', 62, '20:00:00', 1, 3, 1.00, 0, 0),
(1002, '14021114295712', '123', 61, '20:00:00', 0, 1, 1.00, 0, 0),
(1003, '14021114295712', '123', 60, '20:00:00', 0, 1, 1.00, 0, 0),
(1004, '14021114295712', '123', 59, '20:00:00', 0, 1, 1.00, 0, 0),
(1005, '14021114295713', '142', 39, '16:45:00', 0, 1, 3.00, 0, 0),
(1006, '14021114295712', '123', 78, '19:45:00', 1, 3, 1.00, 0, 0),
(1007, '14021114295713', '142', 38, '16:45:00', 0, 1, 3.00, 0, 0),
(1008, '14021114295712', '123', 77, '19:45:00', 0, 1, 1.00, 0, 0),
(1009, '14021114295713', '142', 37, '16:45:00', 0, 1, 3.00, 0, 0),
(1010, '14021114295712', '123', 76, '19:45:00', 0, 1, 1.00, 0, 0),
(1011, '14021114295713', '142', 36, '16:45:00', 4, 3, 3.00, 0, 0),
(1012, '14021114295712', '123', 75, '19:45:00', 0, 1, 1.00, 0, 0),
(1013, '14021114295713', '142', 36, '16:45:00', 3, 3, 3.00, 0, 0),
(1014, '14021114295712', '123', 58, '19:45:00', 1, 3, 1.00, 0, 0),
(1015, '14021114295713', '142', 36, '16:45:00', 2, 3, 3.00, 0, 0),
(1016, '14021114295712', '123', 57, '19:45:00', 0, 1, 1.00, 0, 0),
(1017, '14021114295713', '142', 35, '16:45:00', 0, 1, 3.00, 0, 0),
(1018, '14021114295712', '123', 56, '19:45:00', 0, 1, 1.00, 0, 0),
(1019, '14021114295713', '142', 34, '16:45:00', 0, 1, 3.00, 0, 0),
(1020, '14021114295712', '123', 55, '19:45:00', 0, 1, 1.00, 0, 0),
(1021, '14021114295713', '142', 84, '16:40:00', 0, 1, 3.00, 0, 0),
(1022, '14021114295712', '123', 50, '19:45:00', 1, 3, 1.00, 0, 0),
(1023, '14021114295713', '142', 83, '16:40:00', 0, 1, 3.00, 0, 0),
(1024, '14021114295712', '123', 49, '19:45:00', 0, 1, 1.00, 0, 0),
(1025, '14021114295713', '142', 82, '16:40:00', 0, 1, 3.00, 0, 0),
(1026, '14021114295712', '123', 48, '19:45:00', 0, 1, 1.00, 0, 0),
(1027, '14021114295712', '123', 90, '19:40:00', 1, 3, 1.00, 0, 0),
(1028, '14021114295713', '142', 32, '16:30:00', 0, 1, 3.00, 0, 0),
(1029, '14021114295712', '123', 89, '19:40:00', 0, 1, 1.00, 0, 0),
(1030, '14021114295712', '123', 88, '19:40:00', 0, 1, 1.00, 0, 0),
(1031, '14021114295713', '142', 31, '16:30:00', 0, 1, 3.00, 0, 0),
(1032, '14021114295712', '123', 87, '19:40:00', 0, 1, 1.00, 0, 0),
(1033, '14021114295713', '142', 30, '16:30:00', 0, 1, 3.00, 0, 0),
(1034, '14021114295712', '123', 102, '19:35:00', 1, 3, 1.00, 0, 0),
(1035, '14021114295712', '123', 101, '19:35:00', 0, 1, 1.00, 0, 0),
(1036, '14021114295713', '142', 28, '16:30:00', 0, 1, 3.00, 0, 0),
(1037, '14021114295712', '123', 100, '19:35:00', 0, 1, 1.00, 0, 0),
(1038, '14021114295713', '142', 27, '16:30:00', 0, 1, 3.00, 0, 0),
(1039, '14021114295712', '123', 99, '19:35:00', 0, 1, 1.00, 0, 0),
(1040, '14021114295712', '123', 54, '19:30:00', 1, 3, 1.00, 0, 0),
(1041, '14021114295713', '142', 26, '16:30:00', 0, 1, 3.00, 0, 0),
(1042, '14021114295712', '123', 53, '19:30:00', 0, 1, 1.00, 0, 0),
(1043, '14021114295712', '123', 52, '19:30:00', 0, 1, 1.00, 0, 0),
(1044, '14021114295712', '123', 51, '19:30:00', 0, 1, 1.00, 0, 0),
(1045, '14021114295712', '123', 44, '17:00:00', 1, 3, 1.00, 0, 0),
(1046, '14021114295712', '123', 43, '17:00:00', 0, 1, 1.00, 0, 0),
(1047, '14021114295712', '123', 42, '17:00:00', 0, 1, 1.00, 0, 0),
(1048, '14021114295712', '123', 41, '17:00:00', 0, 1, 1.00, 0, 0),
(1049, '14021114295712', '123', 40, '16:45:00', 1, 3, 1.00, 0, 0),
(1050, '14021114295712', '123', 39, '16:45:00', 0, 1, 1.00, 0, 0),
(1051, '14021114295712', '123', 38, '16:45:00', 0, 1, 1.00, 0, 0),
(1052, '14021114295712', '123', 37, '16:45:00', 0, 1, 1.00, 0, 0),
(1053, '14021114295712', '123', 36, '16:45:00', 1, 3, 1.00, 0, 0),
(1054, '14021114295712', '123', 35, '16:45:00', 0, 1, 1.00, 0, 0),
(1055, '14021114295712', '123', 34, '16:45:00', 0, 1, 1.00, 0, 0),
(1056, '14021114295712', '123', 98, '16:40:00', 1, 3, 1.00, 0, 0),
(1057, '14021114295712', '123', 97, '16:40:00', 0, 1, 1.00, 0, 0),
(1058, '14021114295712', '123', 96, '16:40:00', 0, 1, 1.00, 0, 0),
(1059, '14021114295712', '123', 95, '16:40:00', 0, 1, 1.00, 0, 0),
(1060, '14021114295712', '123', 86, '16:40:00', 1, 3, 1.00, 0, 0),
(1061, '14021114295712', '123', 84, '16:40:00', 0, 1, 1.00, 0, 0),
(1062, '14021114295712', '123', 83, '16:40:00', 0, 1, 1.00, 0, 0),
(1063, '14021114295712', '123', 82, '16:40:00', 0, 1, 1.00, 0, 0),
(1064, '14021114295712', '123', 74, '16:30:00', 1, 3, 1.00, 0, 0),
(1065, '14021114295712', '123', 73, '16:30:00', 0, 1, 1.00, 0, 0),
(1066, '14021114295712', '123', 72, '16:30:00', 0, 1, 1.00, 0, 0),
(1067, '14021114295712', '123', 71, '16:30:00', 0, 1, 1.00, 0, 0),
(1068, '14021114295712', '123', 33, '16:30:00', 1, 3, 1.00, 0, 0),
(1069, '14021114295712', '123', 32, '16:30:00', 0, 1, 1.00, 0, 0),
(1070, '14021114295712', '123', 31, '16:30:00', 0, 1, 1.00, 0, 0),
(1071, '14021114295712', '123', 30, '16:30:00', 0, 1, 1.00, 0, 0),
(1072, '14021114295712', '123', 29, '16:30:00', 1, 3, 1.00, 0, 0),
(1073, '14021114295712', '123', 28, '16:30:00', 0, 1, 1.00, 0, 0),
(1074, '14021114295712', '123', 27, '16:30:00', 0, 1, 1.00, 0, 0),
(1075, '14021114295712', '125', 26, '16:30:00', 0, 1, 1.00, 0, 0),
(1076, '14021114331111', '857', 29, '16:30:00', 3, 3, 0.50, 0, 0),
(1077, '14021114331111', '857', 29, '16:30:00', 2, 3, 0.50, 0, 0),
(1078, '14021114331111', '857', 28, '16:30:00', 0, 1, 0.50, 0, 0),
(1079, '14021114331111', '857', 27, '16:30:00', 0, 1, 0.50, 0, 0),
(1080, '14021114331111', '857', 26, '16:30:00', 0, 1, 0.50, 0, 0),
(1081, '14021115553814', '978', 27, '16:30:00', 0, 1, 5.00, 0, 0),
(1082, '14021115553814', '878', 27, '16:30:00', 0, 1, 5.00, 0, 0),
(1083, '14021115553814', '778', 27, '16:30:00', 0, 1, 5.00, 0, 0),
(1084, '14021115553814', '678', 27, '16:30:00', 0, 1, 5.00, 0, 0),
(1085, '14021115553814', '578', 27, '16:30:00', 0, 1, 5.00, 0, 0),
(1086, '14021115553814', '478', 27, '16:30:00', 0, 1, 5.00, 0, 0),
(1087, '14021115553814', '378', 27, '16:30:00', 0, 1, 5.00, 0, 0),
(1088, '14021115553814', '278', 27, '16:30:00', 0, 1, 5.00, 0, 0),
(1089, '14021115553814', '178', 27, '16:30:00', 0, 1, 5.00, 0, 0),
(1090, '14021115553814', '078', 27, '16:30:00', 0, 1, 5.00, 0, 0),
(1091, '14021115553814', '978', 26, '16:30:00', 0, 1, 5.00, 0, 0),
(1092, '14021115553814', '878', 26, '16:30:00', 0, 1, 5.00, 0, 0),
(1093, '14021115553814', '778', 26, '16:30:00', 0, 1, 5.00, 0, 0),
(1094, '14021115553814', '678', 26, '16:30:00', 0, 1, 5.00, 0, 0),
(1095, '14021115553814', '578', 26, '16:30:00', 0, 1, 5.00, 0, 0),
(1096, '14021115553814', '478', 26, '16:30:00', 0, 1, 5.00, 0, 0),
(1097, '14021115553814', '378', 26, '16:30:00', 0, 1, 5.00, 0, 0),
(1098, '14021115553814', '278', 26, '16:30:00', 0, 1, 5.00, 0, 0),
(1099, '14021115553814', '178', 26, '16:30:00', 0, 1, 5.00, 0, 0),
(1100, '14021115553814', '078', 26, '16:30:00', 0, 1, 5.00, 0, 0);

-- --------------------------------------------------------

--
-- Estructura de tabla para la tabla `impresora_taquillas`
--

CREATE TABLE IF NOT EXISTS `impresora_taquillas` (
  `id_impresora_taquillas` int(11) NOT NULL AUTO_INCREMENT,
  `id_taquilla` int(11) NOT NULL,
  `nombre_vendedor_ticket` int(11) NOT NULL,
  `cortar_ticket` int(11) NOT NULL,
  `lineas_saltar_antes` int(11) NOT NULL,
  `lineas_saltar_despues` int(11) NOT NULL,
  `ver_numeros_incompletos` int(11) NOT NULL,
  `ver_numeros_agotados` int(11) NOT NULL,
  PRIMARY KEY (`id_impresora_taquillas`),
  UNIQUE KEY `id_taquilla` (`id_taquilla`)
) ENGINE=InnoDB  DEFAULT CHARSET=utf8 COLLATE=utf8_unicode_ci COMMENT='Configuracion de Impresora' AUTO_INCREMENT=10 ;

--
-- Volcado de datos para la tabla `impresora_taquillas`
--

INSERT INTO `impresora_taquillas` (`id_impresora_taquillas`, `id_taquilla`, `nombre_vendedor_ticket`, `cortar_ticket`, `lineas_saltar_antes`, `lineas_saltar_despues`, `ver_numeros_incompletos`, `ver_numeros_agotados`) VALUES
(2, 2, 1, 0, 0, 0, 1, 1),
(3, 1, 1, 0, 0, 0, 1, 1),
(9, 3, 1, 0, 0, 0, 1, 1);

-- --------------------------------------------------------

--
-- Estructura de tabla para la tabla `incompletos_agotados`
--

CREATE TABLE IF NOT EXISTS `incompletos_agotados` (
  `id_incompletos_agotados` int(11) NOT NULL AUTO_INCREMENT,
  `id_ticket` varchar(15) COLLATE utf8_unicode_ci NOT NULL,
  `fecha` datetime NOT NULL,
  `numero` varchar(10) COLLATE utf8_unicode_ci NOT NULL,
  `id_sorteo` int(11) NOT NULL,
  `id_tipo_jugada` int(11) NOT NULL,
  `id_zodiacal` int(11) NOT NULL,
  `monto_restante` decimal(10,2) NOT NULL,
  `incompleto` int(11) NOT NULL COMMENT '0=completo, 1=Incompleto, 2=Agotado',
  PRIMARY KEY (`id_incompletos_agotados`),
  KEY `id_sorteo` (`id_sorteo`),
  KEY `id_tipo_jugada` (`id_tipo_jugada`),
  KEY `id_zodiacal` (`id_zodiacal`),
  KEY `FK_id_tickets` (`id_ticket`)
) ENGINE=InnoDB  DEFAULT CHARSET=utf8 COLLATE=utf8_unicode_ci COMMENT='guarda numeros incompletos y agotados' AUTO_INCREMENT=70 ;

--
-- Volcado de datos para la tabla `incompletos_agotados`
--

INSERT INTO `incompletos_agotados` (`id_incompletos_agotados`, `id_ticket`, `fecha`, `numero`, `id_sorteo`, `id_tipo_jugada`, `id_zodiacal`, `monto_restante`, `incompleto`) VALUES
(1, '14020816580511', '2014-02-08 16:58:05', '123', 52, 1, 0, 0.00, 2),
(2, '14020816580511', '2014-02-08 16:58:05', '123', 51, 1, 0, 0.00, 2),
(3, '14021109142411', '2014-02-11 09:14:24', '569', 5, 1, 0, 0.00, 2),
(4, '14021109142411', '2014-02-11 09:14:24', '256', 5, 1, 0, 0.00, 2),
(5, '14021109142411', '2014-02-11 09:14:24', '265', 5, 1, 0, 0.00, 2),
(6, '14021109142411', '2014-02-11 09:14:24', '263', 5, 1, 0, 0.00, 2),
(7, '14021109142411', '2014-02-11 09:14:24', '369', 5, 1, 0, 0.00, 2),
(8, '14021109142411', '2014-02-11 09:14:24', '569', 4, 1, 0, 0.00, 2),
(9, '14021109142411', '2014-02-11 09:14:24', '256', 4, 1, 0, 0.00, 2),
(10, '14021109142411', '2014-02-11 09:14:24', '265', 4, 1, 0, 0.00, 2),
(11, '14021109142411', '2014-02-11 09:14:24', '263', 4, 1, 0, 0.00, 2),
(12, '14021109142411', '2014-02-11 09:14:24', '369', 4, 1, 0, 0.00, 2),
(13, '14021110302811', '2014-02-11 10:30:28', '475', 4, 1, 0, 0.00, 2),
(14, '14021110402811', '2014-02-11 10:40:28', '456', 5, 1, 0, 0.00, 2),
(15, '14021110402811', '2014-02-11 10:40:28', '456', 4, 1, 0, 0.00, 2),
(16, '14021110493512', '2014-02-11 10:49:35', '145', 5, 1, 0, 0.00, 2),
(17, '14021111250311', '2014-02-11 11:25:03', '745', 12, 1, 0, 0.00, 2),
(18, '14021111251311', '2014-02-11 11:25:13', '745', 12, 1, 0, 0.00, 2),
(19, '14021111252811', '2014-02-11 11:25:28', '745', 12, 1, 0, 0.00, 2),
(20, '14021112520612', '2014-02-11 12:52:06', '814', 33, 3, 12, 0.00, 2),
(21, '14021112520612', '2014-02-11 12:52:06', '814', 33, 3, 11, 0.00, 2),
(22, '14021112520612', '2014-02-11 12:52:06', '814', 33, 3, 10, 0.00, 2),
(23, '14021112520612', '2014-02-11 12:52:06', '814', 33, 3, 9, 0.00, 2),
(24, '14021112520612', '2014-02-11 12:52:06', '814', 33, 3, 8, 0.00, 2),
(25, '14021112520612', '2014-02-11 12:52:06', '814', 33, 3, 7, 0.00, 2),
(26, '14021112520612', '2014-02-11 12:52:06', '814', 33, 3, 6, 0.00, 2),
(27, '14021112520612', '2014-02-11 12:52:06', '814', 33, 3, 5, 0.00, 2),
(28, '14021112520612', '2014-02-11 12:52:06', '814', 33, 3, 4, 0.00, 2),
(29, '14021112520612', '2014-02-11 12:52:06', '814', 33, 3, 3, 0.00, 2),
(30, '14021112520612', '2014-02-11 12:52:06', '814', 33, 3, 2, 0.00, 2),
(31, '14021112520612', '2014-02-11 12:52:06', '814', 33, 3, 1, 0.00, 2),
(32, '14021113101513', '2014-02-11 13:10:15', '236', 96, 1, 0, 0.00, 2),
(33, '14021113101513', '2014-02-11 13:10:15', '236', 95, 1, 0, 0.00, 2),
(34, '14021113161911', '2014-02-11 13:16:19', '124', 31, 1, 0, 0.00, 2),
(35, '14021113161911', '2014-02-11 13:16:19', '124', 30, 1, 0, 0.00, 2),
(36, '14021113161911', '2014-02-11 13:16:19', '124', 27, 1, 0, 0.00, 2),
(37, '14021113161911', '2014-02-11 13:16:19', '124', 26, 1, 0, 0.00, 2),
(38, '14021113161911', '2014-02-11 13:16:19', '236', 31, 1, 0, 0.00, 2),
(39, '14021113161911', '2014-02-11 13:16:19', '236', 30, 1, 0, 0.00, 2),
(40, '14021113161911', '2014-02-11 13:16:19', '236', 27, 1, 0, 0.00, 2),
(41, '14021113300712', '2014-02-11 13:30:07', '124', 31, 1, 0, 0.00, 2),
(42, '14021113300712', '2014-02-11 13:30:07', '123', 31, 1, 0, 0.00, 2),
(43, '14021113300712', '2014-02-11 13:30:07', '124', 30, 1, 0, 0.00, 2),
(44, '14021113300712', '2014-02-11 13:30:07', '123', 30, 1, 0, 0.00, 2),
(45, '14021113300712', '2014-02-11 13:30:07', '124', 27, 1, 0, 0.00, 2),
(46, '14021113300712', '2014-02-11 13:30:07', '123', 27, 1, 0, 0.00, 2),
(47, '14021113300712', '2014-02-11 13:30:07', '124', 26, 1, 0, 0.00, 2),
(48, '14021113300712', '2014-02-11 13:30:07', '123', 26, 1, 0, 0.00, 2),
(49, '14021113473412', '2014-02-11 13:47:34', '231', 31, 1, 0, 0.00, 2),
(50, '14021113473412', '2014-02-11 13:47:34', '231', 30, 1, 0, 0.00, 2),
(51, '14021114141513', '2014-02-11 14:14:15', '243', 31, 1, 0, 0.00, 2),
(52, '14021114141513', '2014-02-11 14:14:15', '243', 30, 1, 0, 0.00, 2),
(53, '14021114141513', '2014-02-11 14:14:15', '243', 27, 1, 0, 0.00, 2),
(54, '14021114141513', '2014-02-11 14:14:15', '243', 26, 1, 0, 0.00, 2),
(55, '14021114275913', '2014-02-11 14:27:59', '214', 31, 1, 0, 0.00, 2),
(56, '14021114275913', '2014-02-11 14:27:59', '214', 30, 1, 0, 0.00, 2),
(57, '14021114275913', '2014-02-11 14:27:59', '214', 27, 1, 0, 0.00, 2),
(58, '14021114295713', '2014-02-11 14:29:57', '142', 31, 1, 0, 0.00, 2),
(59, '14021114295713', '2014-02-11 14:29:57', '142', 30, 1, 0, 0.00, 2),
(60, '14021114295712', '2014-02-11 14:29:57', '123', 100, 1, 0, 0.00, 2),
(61, '14021114295712', '2014-02-11 14:29:57', '123', 99, 1, 0, 0.00, 2),
(62, '14021114295713', '2014-02-11 14:29:57', '142', 27, 1, 0, 0.00, 2),
(63, '14021114295713', '2014-02-11 14:29:57', '142', 26, 1, 0, 0.00, 2),
(64, '14021114295712', '2014-02-11 14:29:57', '123', 52, 1, 0, 0.00, 2),
(65, '14021114295712', '2014-02-11 14:29:57', '123', 51, 1, 0, 0.00, 2),
(66, '14021114295712', '2014-02-11 14:29:57', '123', 31, 1, 0, 0.00, 2),
(67, '14021114295712', '2014-02-11 14:29:57', '123', 30, 1, 0, 0.00, 2),
(68, '14021114295712', '2014-02-11 14:29:57', '123', 27, 1, 0, 0.00, 2),
(69, '14021114295712', '2014-02-11 14:29:57', '125', 26, 1, 0, 0.00, 2);

-- --------------------------------------------------------

--
-- Estructura de tabla para la tabla `loterias`
--

CREATE TABLE IF NOT EXISTS `loterias` (
  `id_loteria` int(11) NOT NULL AUTO_INCREMENT,
  `nombre_loteria` varchar(50) COLLATE utf8_unicode_ci NOT NULL,
  `status` int(11) NOT NULL COMMENT '0=Inactivo, 1=Activo',
  PRIMARY KEY (`id_loteria`)
) ENGINE=InnoDB  DEFAULT CHARSET=utf8 COLLATE=utf8_unicode_ci COMMENT='Listados de Loterias' AUTO_INCREMENT=10 ;

--
-- Volcado de datos para la tabla `loterias`
--

INSERT INTO `loterias` (`id_loteria`, `nombre_loteria`, `status`) VALUES
(1, 'ZAMORANO', 0),
(2, 'TACHIRA', 1),
(3, 'ZODIACAL', 1),
(4, 'LEON', 1),
(5, 'CHANCE', 1),
(6, 'ZULIA', 1),
(7, 'TRIPLEMANIA', 1),
(8, 'MULTITRIPLE', 1),
(9, 'TRILLONARIO', 1);

-- --------------------------------------------------------

--
-- Estructura de tabla para la tabla `numeros_jugados`
--

CREATE TABLE IF NOT EXISTS `numeros_jugados` (
  `id_numero_jugados` int(11) NOT NULL AUTO_INCREMENT,
  `fecha` date NOT NULL,
  `numero` varchar(10) COLLATE utf8_unicode_ci NOT NULL,
  `id_sorteo` int(11) NOT NULL,
  `id_tipo_jugada` int(11) NOT NULL,
  `id_zodiacal` int(11) NOT NULL,
  `monto_restante` int(11) NOT NULL,
  PRIMARY KEY (`id_numero_jugados`),
  KEY `id_sorteo` (`id_sorteo`),
  KEY `id_tipo_jugada` (`id_tipo_jugada`),
  KEY `id_zodiacal` (`id_zodiacal`)
) ENGINE=InnoDB  DEFAULT CHARSET=utf8 COLLATE=utf8_unicode_ci AUTO_INCREMENT=971 ;

--
-- Volcado de datos para la tabla `numeros_jugados`
--

INSERT INTO `numeros_jugados` (`id_numero_jugados`, `fecha`, `numero`, `id_sorteo`, `id_tipo_jugada`, `id_zodiacal`, `monto_restante`) VALUES
(1, '2014-02-08', '145', 31, 1, 0, 630),
(2, '2014-02-08', '145', 30, 1, 0, 630),
(3, '2014-02-08', '145', 27, 1, 0, 630),
(4, '2014-02-08', '145', 26, 1, 0, 630),
(5, '2014-02-08', '236', 96, 1, 0, 654),
(6, '2014-02-08', '236', 95, 1, 0, 654),
(7, '2014-02-08', '569', 42, 1, 0, 601),
(8, '2014-02-08', '569', 41, 1, 0, 601),
(9, '2014-02-08', '*69', 42, 1, 0, 600),
(10, '2014-02-08', '*69', 41, 1, 0, 600),
(11, '2014-02-08', '*21', 42, 1, 0, 600),
(12, '2014-02-08', '*21', 41, 1, 0, 600),
(13, '2014-02-08', '*24', 53, 1, 0, 600),
(14, '2014-02-08', '*24', 52, 1, 0, 600),
(15, '2014-02-08', '*69', 42, 1, 0, 600),
(16, '2014-02-08', '*69', 41, 1, 0, 600),
(17, '2014-02-08', '*21', 42, 1, 0, 600),
(18, '2014-02-08', '*21', 41, 1, 0, 600),
(19, '2014-02-08', '123', 52, 1, 0, 601),
(20, '2014-02-08', '123', 51, 1, 0, 601),
(21, '2014-02-08', '123', 100, 1, 0, 599),
(22, '2014-02-08', '123', 99, 1, 0, 599),
(23, '2014-02-10', '524', 12, 1, 0, 595),
(24, '2014-02-10', '524', 11, 1, 0, 595),
(25, '2014-02-10', '524', 5, 1, 0, 595),
(26, '2014-02-10', '524', 4, 1, 0, 595),
(27, '2014-02-10', '256', 80, 1, 0, 598),
(28, '2014-02-10', '256', 79, 1, 0, 598),
(29, '2014-02-10', '256', 12, 1, 0, 598),
(30, '2014-02-10', '256', 11, 1, 0, 598),
(31, '2014-02-10', '256', 5, 1, 0, 598),
(32, '2014-02-10', '256', 4, 1, 0, 598),
(33, '2014-02-10', '265', 9, 1, 0, 596),
(34, '2014-02-10', '265', 8, 1, 0, 596),
(35, '2014-02-10', '265', 80, 1, 0, 596),
(36, '2014-02-10', '265', 79, 1, 0, 596),
(37, '2014-02-10', '265', 12, 1, 0, 596),
(38, '2014-02-10', '265', 11, 1, 0, 596),
(39, '2014-02-10', '265', 5, 1, 0, 596),
(40, '2014-02-10', '265', 4, 1, 0, 596),
(41, '2014-02-10', '569', 12, 1, 0, 598),
(42, '2014-02-10', '569', 11, 1, 0, 598),
(43, '2014-02-10', '569', 5, 1, 0, 598),
(44, '2014-02-10', '569', 4, 1, 0, 598),
(45, '2014-02-10', '369', 12, 1, 0, 597),
(46, '2014-02-10', '369', 11, 1, 0, 597),
(47, '2014-02-10', '369', 5, 1, 0, 597),
(48, '2014-02-10', '369', 4, 1, 0, 597),
(49, '2014-02-10', '263', 12, 1, 0, 597),
(50, '2014-02-10', '263', 11, 1, 0, 597),
(51, '2014-02-10', '263', 5, 1, 0, 597),
(52, '2014-02-10', '263', 4, 1, 0, 597),
(53, '2014-02-11', '475', 5, 1, 0, 590),
(54, '2014-02-11', '475', 4, 1, 0, 600),
(55, '2014-02-11', '633', 5, 1, 0, 597),
(56, '2014-02-11', '633', 4, 1, 0, 597),
(57, '2014-02-11', '998', 5, 1, 0, 600),
(58, '2014-02-11', '995', 5, 1, 0, 600),
(59, '2014-02-11', '996', 5, 1, 0, 600),
(60, '2014-02-11', '992', 5, 1, 0, 600),
(61, '2014-02-11', '993', 5, 1, 0, 600),
(62, '2014-02-11', '899', 5, 1, 0, 600),
(63, '2014-02-11', '895', 5, 1, 0, 600),
(64, '2014-02-11', '896', 5, 1, 0, 600),
(65, '2014-02-11', '892', 5, 1, 0, 600),
(66, '2014-02-11', '893', 5, 1, 0, 600),
(67, '2014-02-11', '859', 5, 1, 0, 600),
(68, '2014-02-11', '856', 5, 1, 0, 600),
(69, '2014-02-11', '852', 5, 1, 0, 600),
(70, '2014-02-11', '853', 5, 1, 0, 600),
(71, '2014-02-11', '869', 5, 1, 0, 600),
(72, '2014-02-11', '865', 5, 1, 0, 600),
(73, '2014-02-11', '862', 5, 1, 0, 600),
(74, '2014-02-11', '863', 5, 1, 0, 600),
(75, '2014-02-11', '829', 5, 1, 0, 600),
(76, '2014-02-11', '825', 5, 1, 0, 600),
(77, '2014-02-11', '826', 5, 1, 0, 600),
(78, '2014-02-11', '823', 5, 1, 0, 600),
(79, '2014-02-11', '839', 5, 1, 0, 600),
(80, '2014-02-11', '835', 5, 1, 0, 600),
(81, '2014-02-11', '836', 5, 1, 0, 600),
(82, '2014-02-11', '832', 5, 1, 0, 600),
(83, '2014-02-11', '989', 5, 1, 0, 600),
(84, '2014-02-11', '985', 5, 1, 0, 600),
(85, '2014-02-11', '986', 5, 1, 0, 600),
(86, '2014-02-11', '982', 5, 1, 0, 600),
(87, '2014-02-11', '983', 5, 1, 0, 600),
(88, '2014-02-11', '959', 5, 1, 0, 600),
(89, '2014-02-11', '958', 5, 1, 0, 600),
(90, '2014-02-11', '956', 5, 1, 0, 600),
(91, '2014-02-11', '952', 5, 1, 0, 600),
(92, '2014-02-11', '953', 5, 1, 0, 600),
(93, '2014-02-11', '969', 5, 1, 0, 600),
(94, '2014-02-11', '968', 5, 1, 0, 600),
(95, '2014-02-11', '965', 5, 1, 0, 600),
(96, '2014-02-11', '962', 5, 1, 0, 600),
(97, '2014-02-11', '963', 5, 1, 0, 600),
(98, '2014-02-11', '929', 5, 1, 0, 600),
(99, '2014-02-11', '928', 5, 1, 0, 600),
(100, '2014-02-11', '925', 5, 1, 0, 600),
(101, '2014-02-11', '926', 5, 1, 0, 600),
(102, '2014-02-11', '923', 5, 1, 0, 600),
(103, '2014-02-11', '939', 5, 1, 0, 600),
(104, '2014-02-11', '938', 5, 1, 0, 600),
(105, '2014-02-11', '935', 5, 1, 0, 600),
(106, '2014-02-11', '936', 5, 1, 0, 600),
(107, '2014-02-11', '932', 5, 1, 0, 600),
(108, '2014-02-11', '589', 5, 1, 0, 600),
(109, '2014-02-11', '586', 5, 1, 0, 600),
(110, '2014-02-11', '582', 5, 1, 0, 600),
(111, '2014-02-11', '583', 5, 1, 0, 600),
(112, '2014-02-11', '599', 5, 1, 0, 600),
(113, '2014-02-11', '598', 5, 1, 0, 600),
(114, '2014-02-11', '596', 5, 1, 0, 600),
(115, '2014-02-11', '592', 5, 1, 0, 600),
(116, '2014-02-11', '593', 5, 1, 0, 600),
(117, '2014-02-11', '568', 5, 1, 0, 600),
(118, '2014-02-11', '562', 5, 1, 0, 600),
(119, '2014-02-11', '563', 5, 1, 0, 600),
(120, '2014-02-11', '528', 5, 1, 0, 600),
(121, '2014-02-11', '529', 5, 1, 0, 600),
(122, '2014-02-11', '526', 5, 1, 0, 600),
(123, '2014-02-11', '523', 5, 1, 0, 600),
(124, '2014-02-11', '538', 5, 1, 0, 600),
(125, '2014-02-11', '539', 5, 1, 0, 600),
(126, '2014-02-11', '536', 5, 1, 0, 600),
(127, '2014-02-11', '532', 5, 1, 0, 600),
(128, '2014-02-11', '689', 5, 1, 0, 600),
(129, '2014-02-11', '685', 5, 1, 0, 600),
(130, '2014-02-11', '682', 5, 1, 0, 600),
(131, '2014-02-11', '683', 5, 1, 0, 600),
(132, '2014-02-11', '699', 5, 1, 0, 600),
(133, '2014-02-11', '698', 5, 1, 0, 600),
(134, '2014-02-11', '695', 5, 1, 0, 600),
(135, '2014-02-11', '692', 5, 1, 0, 600),
(136, '2014-02-11', '693', 5, 1, 0, 600),
(137, '2014-02-11', '658', 5, 1, 0, 600),
(138, '2014-02-11', '659', 5, 1, 0, 600),
(139, '2014-02-11', '652', 5, 1, 0, 600),
(140, '2014-02-11', '653', 5, 1, 0, 600),
(141, '2014-02-11', '628', 5, 1, 0, 600),
(142, '2014-02-11', '629', 5, 1, 0, 600),
(143, '2014-02-11', '625', 5, 1, 0, 600),
(144, '2014-02-11', '623', 5, 1, 0, 600),
(145, '2014-02-11', '638', 5, 1, 0, 600),
(146, '2014-02-11', '639', 5, 1, 0, 600),
(147, '2014-02-11', '635', 5, 1, 0, 600),
(148, '2014-02-11', '632', 5, 1, 0, 600),
(149, '2014-02-11', '289', 5, 1, 0, 600),
(150, '2014-02-11', '285', 5, 1, 0, 600),
(151, '2014-02-11', '286', 5, 1, 0, 600),
(152, '2014-02-11', '283', 5, 1, 0, 600),
(153, '2014-02-11', '299', 5, 1, 0, 600),
(154, '2014-02-11', '298', 5, 1, 0, 600),
(155, '2014-02-11', '295', 5, 1, 0, 600),
(156, '2014-02-11', '296', 5, 1, 0, 600),
(157, '2014-02-11', '293', 5, 1, 0, 600),
(158, '2014-02-11', '258', 5, 1, 0, 600),
(159, '2014-02-11', '259', 5, 1, 0, 600),
(160, '2014-02-11', '253', 5, 1, 0, 600),
(161, '2014-02-11', '268', 5, 1, 0, 600),
(162, '2014-02-11', '269', 5, 1, 0, 600),
(163, '2014-02-11', '238', 5, 1, 0, 600),
(164, '2014-02-11', '239', 5, 1, 0, 600),
(165, '2014-02-11', '235', 5, 1, 0, 600),
(166, '2014-02-11', '236', 5, 1, 0, 600),
(167, '2014-02-11', '389', 5, 1, 0, 600),
(168, '2014-02-11', '385', 5, 1, 0, 600),
(169, '2014-02-11', '386', 5, 1, 0, 600),
(170, '2014-02-11', '382', 5, 1, 0, 600),
(171, '2014-02-11', '399', 5, 1, 0, 600),
(172, '2014-02-11', '398', 5, 1, 0, 600),
(173, '2014-02-11', '395', 5, 1, 0, 600),
(174, '2014-02-11', '396', 5, 1, 0, 600),
(175, '2014-02-11', '392', 5, 1, 0, 600),
(176, '2014-02-11', '358', 5, 1, 0, 600),
(177, '2014-02-11', '359', 5, 1, 0, 600),
(178, '2014-02-11', '356', 5, 1, 0, 600),
(179, '2014-02-11', '352', 5, 1, 0, 600),
(180, '2014-02-11', '368', 5, 1, 0, 600),
(181, '2014-02-11', '365', 5, 1, 0, 600),
(182, '2014-02-11', '362', 5, 1, 0, 600),
(183, '2014-02-11', '328', 5, 1, 0, 600),
(184, '2014-02-11', '329', 5, 1, 0, 600),
(185, '2014-02-11', '325', 5, 1, 0, 600),
(186, '2014-02-11', '326', 5, 1, 0, 600),
(187, '2014-02-11', '998', 4, 1, 0, 600),
(188, '2014-02-11', '995', 4, 1, 0, 600),
(189, '2014-02-11', '996', 4, 1, 0, 600),
(190, '2014-02-11', '992', 4, 1, 0, 600),
(191, '2014-02-11', '993', 4, 1, 0, 600),
(192, '2014-02-11', '899', 4, 1, 0, 600),
(193, '2014-02-11', '895', 4, 1, 0, 600),
(194, '2014-02-11', '896', 4, 1, 0, 600),
(195, '2014-02-11', '892', 4, 1, 0, 600),
(196, '2014-02-11', '893', 4, 1, 0, 600),
(197, '2014-02-11', '859', 4, 1, 0, 600),
(198, '2014-02-11', '856', 4, 1, 0, 600),
(199, '2014-02-11', '852', 4, 1, 0, 600),
(200, '2014-02-11', '853', 4, 1, 0, 600),
(201, '2014-02-11', '869', 4, 1, 0, 600),
(202, '2014-02-11', '865', 4, 1, 0, 600),
(203, '2014-02-11', '862', 4, 1, 0, 600),
(204, '2014-02-11', '863', 4, 1, 0, 600),
(205, '2014-02-11', '829', 4, 1, 0, 600),
(206, '2014-02-11', '825', 4, 1, 0, 600),
(207, '2014-02-11', '826', 4, 1, 0, 600),
(208, '2014-02-11', '823', 4, 1, 0, 600),
(209, '2014-02-11', '839', 4, 1, 0, 600),
(210, '2014-02-11', '835', 4, 1, 0, 600),
(211, '2014-02-11', '836', 4, 1, 0, 600),
(212, '2014-02-11', '832', 4, 1, 0, 600),
(213, '2014-02-11', '989', 4, 1, 0, 600),
(214, '2014-02-11', '985', 4, 1, 0, 600),
(215, '2014-02-11', '986', 4, 1, 0, 600),
(216, '2014-02-11', '982', 4, 1, 0, 600),
(217, '2014-02-11', '983', 4, 1, 0, 600),
(218, '2014-02-11', '959', 4, 1, 0, 600),
(219, '2014-02-11', '958', 4, 1, 0, 600),
(220, '2014-02-11', '956', 4, 1, 0, 600),
(221, '2014-02-11', '952', 4, 1, 0, 600),
(222, '2014-02-11', '953', 4, 1, 0, 600),
(223, '2014-02-11', '969', 4, 1, 0, 600),
(224, '2014-02-11', '968', 4, 1, 0, 600),
(225, '2014-02-11', '965', 4, 1, 0, 600),
(226, '2014-02-11', '962', 4, 1, 0, 600),
(227, '2014-02-11', '963', 4, 1, 0, 600),
(228, '2014-02-11', '929', 4, 1, 0, 600),
(229, '2014-02-11', '928', 4, 1, 0, 600),
(230, '2014-02-11', '925', 4, 1, 0, 600),
(231, '2014-02-11', '926', 4, 1, 0, 600),
(232, '2014-02-11', '923', 4, 1, 0, 600),
(233, '2014-02-11', '939', 4, 1, 0, 600),
(234, '2014-02-11', '938', 4, 1, 0, 600),
(235, '2014-02-11', '935', 4, 1, 0, 600),
(236, '2014-02-11', '936', 4, 1, 0, 600),
(237, '2014-02-11', '932', 4, 1, 0, 600),
(238, '2014-02-11', '589', 4, 1, 0, 600),
(239, '2014-02-11', '586', 4, 1, 0, 600),
(240, '2014-02-11', '582', 4, 1, 0, 600),
(241, '2014-02-11', '583', 4, 1, 0, 600),
(242, '2014-02-11', '599', 4, 1, 0, 600),
(243, '2014-02-11', '598', 4, 1, 0, 600),
(244, '2014-02-11', '596', 4, 1, 0, 600),
(245, '2014-02-11', '592', 4, 1, 0, 600),
(246, '2014-02-11', '593', 4, 1, 0, 600),
(247, '2014-02-11', '568', 4, 1, 0, 600),
(248, '2014-02-11', '562', 4, 1, 0, 600),
(249, '2014-02-11', '563', 4, 1, 0, 600),
(250, '2014-02-11', '528', 4, 1, 0, 600),
(251, '2014-02-11', '529', 4, 1, 0, 600),
(252, '2014-02-11', '526', 4, 1, 0, 600),
(253, '2014-02-11', '523', 4, 1, 0, 600),
(254, '2014-02-11', '538', 4, 1, 0, 600),
(255, '2014-02-11', '539', 4, 1, 0, 600),
(256, '2014-02-11', '536', 4, 1, 0, 600),
(257, '2014-02-11', '532', 4, 1, 0, 600),
(258, '2014-02-11', '689', 4, 1, 0, 600),
(259, '2014-02-11', '685', 4, 1, 0, 600),
(260, '2014-02-11', '682', 4, 1, 0, 600),
(261, '2014-02-11', '683', 4, 1, 0, 600),
(262, '2014-02-11', '699', 4, 1, 0, 600),
(263, '2014-02-11', '698', 4, 1, 0, 600),
(264, '2014-02-11', '695', 4, 1, 0, 600),
(265, '2014-02-11', '692', 4, 1, 0, 600),
(266, '2014-02-11', '693', 4, 1, 0, 600),
(267, '2014-02-11', '658', 4, 1, 0, 600),
(268, '2014-02-11', '659', 4, 1, 0, 600),
(269, '2014-02-11', '652', 4, 1, 0, 600),
(270, '2014-02-11', '653', 4, 1, 0, 600),
(271, '2014-02-11', '628', 4, 1, 0, 600),
(272, '2014-02-11', '629', 4, 1, 0, 600),
(273, '2014-02-11', '625', 4, 1, 0, 600),
(274, '2014-02-11', '623', 4, 1, 0, 600),
(275, '2014-02-11', '638', 4, 1, 0, 600),
(276, '2014-02-11', '639', 4, 1, 0, 600),
(277, '2014-02-11', '635', 4, 1, 0, 600),
(278, '2014-02-11', '632', 4, 1, 0, 600),
(279, '2014-02-11', '289', 4, 1, 0, 600),
(280, '2014-02-11', '285', 4, 1, 0, 600),
(281, '2014-02-11', '286', 4, 1, 0, 600),
(282, '2014-02-11', '283', 4, 1, 0, 600),
(283, '2014-02-11', '299', 4, 1, 0, 600),
(284, '2014-02-11', '298', 4, 1, 0, 600),
(285, '2014-02-11', '295', 4, 1, 0, 600),
(286, '2014-02-11', '296', 4, 1, 0, 600),
(287, '2014-02-11', '293', 4, 1, 0, 600),
(288, '2014-02-11', '258', 4, 1, 0, 600),
(289, '2014-02-11', '259', 4, 1, 0, 600),
(290, '2014-02-11', '253', 4, 1, 0, 600),
(291, '2014-02-11', '268', 4, 1, 0, 600),
(292, '2014-02-11', '269', 4, 1, 0, 600),
(293, '2014-02-11', '238', 4, 1, 0, 600),
(294, '2014-02-11', '239', 4, 1, 0, 600),
(295, '2014-02-11', '235', 4, 1, 0, 600),
(296, '2014-02-11', '236', 4, 1, 0, 600),
(297, '2014-02-11', '389', 4, 1, 0, 600),
(298, '2014-02-11', '385', 4, 1, 0, 600),
(299, '2014-02-11', '386', 4, 1, 0, 600),
(300, '2014-02-11', '382', 4, 1, 0, 600),
(301, '2014-02-11', '399', 4, 1, 0, 600),
(302, '2014-02-11', '398', 4, 1, 0, 600),
(303, '2014-02-11', '395', 4, 1, 0, 600),
(304, '2014-02-11', '396', 4, 1, 0, 600),
(305, '2014-02-11', '392', 4, 1, 0, 600),
(306, '2014-02-11', '358', 4, 1, 0, 600),
(307, '2014-02-11', '359', 4, 1, 0, 600),
(308, '2014-02-11', '356', 4, 1, 0, 600),
(309, '2014-02-11', '352', 4, 1, 0, 600),
(310, '2014-02-11', '368', 4, 1, 0, 600),
(311, '2014-02-11', '365', 4, 1, 0, 600),
(312, '2014-02-11', '362', 4, 1, 0, 600),
(313, '2014-02-11', '328', 4, 1, 0, 600),
(314, '2014-02-11', '329', 4, 1, 0, 600),
(315, '2014-02-11', '325', 4, 1, 0, 600),
(316, '2014-02-11', '326', 4, 1, 0, 600),
(317, '2014-02-11', '666', 5, 1, 0, 595),
(318, '2014-02-11', '666', 4, 1, 0, 595),
(319, '2014-02-11', '111', 5, 1, 0, 597),
(320, '2014-02-11', '111', 4, 1, 0, 597),
(321, '2014-02-11', '000', 31, 1, 0, 597),
(322, '2014-02-11', '000', 30, 1, 0, 597),
(323, '2014-02-11', '000', 27, 1, 0, 597),
(324, '2014-02-11', '000', 26, 1, 0, 597),
(325, '2014-02-11', '319', 60, 1, 0, 610),
(326, '2014-02-11', '319', 59, 1, 0, 610),
(327, '2014-02-11', '319', 56, 1, 0, 610),
(328, '2014-02-11', '319', 55, 1, 0, 605),
(329, '2014-02-11', '319', 20, 1, 0, 605),
(330, '2014-02-11', '319', 19, 1, 0, 605),
(331, '2014-02-11', '319', 16, 1, 0, 605),
(332, '2014-02-11', '319', 15, 1, 0, 605),
(333, '2014-02-11', '147', 5, 1, 0, 600),
(334, '2014-02-11', '147', 4, 1, 0, 600),
(335, '2014-02-11', '489', 13, 1, 0, 590),
(336, '2014-02-11', '489', 12, 1, 0, 590),
(337, '2014-02-11', '489', 11, 1, 0, 590),
(338, '2014-02-11', '489', 6, 1, 0, 590),
(339, '2014-02-11', '489', 5, 1, 0, 590),
(340, '2014-02-11', '489', 4, 1, 0, 590),
(341, '2014-02-11', '456', 5, 1, 0, 592),
(342, '2014-02-11', '456', 4, 1, 0, 592),
(343, '2014-02-11', '145', 5, 1, 0, 600),
(344, '2014-02-11', '145', 4, 1, 0, 590),
(345, '2014-02-11', '999', 5, 1, 0, 600),
(346, '2014-02-11', '999', 4, 1, 0, 600),
(347, '2014-02-11', '745', 12, 1, 0, 630),
(348, '2014-02-11', '745', 11, 1, 0, 600),
(349, '2014-02-11', '745', 6, 1, 0, 600),
(350, '2014-02-11', '745', 4, 1, 0, 600),
(351, '2014-02-11', '458', 5, 1, 0, 599),
(352, '2014-02-11', '458', 4, 1, 0, 599),
(353, '2014-02-11', '145', 12, 1, 0, 590),
(354, '2014-02-11', '145', 11, 1, 0, 590),
(355, '2014-02-11', '745', 80, 1, 0, 590),
(356, '2014-02-11', '745', 79, 1, 0, 590),
(357, '2014-02-11', '741', 81, 1, 0, 590),
(358, '2014-02-11', '745', 13, 1, 0, 610),
(359, '2014-02-11', '999', 12, 1, 0, 600),
(360, '2014-02-11', '999', 11, 1, 0, 600),
(361, '2014-02-11', '652', 12, 1, 0, 600),
(362, '2014-02-11', '652', 11, 1, 0, 600),
(363, '2014-02-11', '452', 12, 1, 0, 600),
(364, '2014-02-11', '452', 11, 1, 0, 600),
(365, '2014-02-11', '487', 80, 1, 0, 600),
(366, '2014-02-11', '487', 79, 1, 0, 600),
(367, '2014-02-11', '745', 9, 1, 0, 600),
(368, '2014-02-11', '745', 8, 1, 0, 600),
(369, '2014-02-11', '852', 80, 1, 0, 600),
(370, '2014-02-11', '852', 79, 1, 0, 600),
(371, '2014-02-11', '784', 80, 1, 0, 600),
(372, '2014-02-11', '985', 9, 1, 0, 600),
(373, '2014-02-11', '985', 8, 1, 0, 600),
(374, '2014-02-11', '962', 9, 1, 0, 600),
(375, '2014-02-11', '962', 8, 1, 0, 600),
(376, '2014-02-11', '852', 9, 1, 0, 600),
(377, '2014-02-11', '852', 8, 1, 0, 600),
(378, '2014-02-11', '956', 20, 1, 0, 600),
(379, '2014-02-11', '956', 19, 1, 0, 600),
(380, '2014-02-11', '124', 33, 3, 5, 498),
(381, '2014-02-11', '124', 20, 1, 0, 598),
(382, '2014-02-11', '124', 19, 1, 0, 598),
(383, '2014-02-11', '814', 33, 3, 12, 500),
(384, '2014-02-11', '814', 33, 3, 11, 500),
(385, '2014-02-11', '814', 33, 3, 10, 500),
(386, '2014-02-11', '814', 33, 3, 9, 500),
(387, '2014-02-11', '814', 33, 3, 8, 500),
(388, '2014-02-11', '814', 33, 3, 7, 500),
(389, '2014-02-11', '814', 33, 3, 6, 500),
(390, '2014-02-11', '814', 33, 3, 5, 500),
(391, '2014-02-11', '814', 33, 3, 4, 500),
(392, '2014-02-11', '814', 33, 3, 3, 500),
(393, '2014-02-11', '814', 33, 3, 2, 500),
(394, '2014-02-11', '814', 33, 3, 1, 500),
(395, '2014-02-11', '659', 22, 3, 3, 430),
(396, '2014-02-11', '659', 22, 3, 2, 430),
(397, '2014-02-11', '659', 22, 3, 1, 430),
(398, '2014-02-11', '256', 22, 3, 3, 495),
(399, '2014-02-11', '256', 22, 3, 2, 495),
(400, '2014-02-11', '256', 22, 3, 1, 495),
(401, '2014-02-11', '124', 83, 1, 0, 595),
(402, '2014-02-11', '124', 82, 1, 0, 595),
(403, '2014-02-11', '124', 72, 1, 0, 595),
(404, '2014-02-11', '124', 71, 1, 0, 595),
(405, '2014-02-11', '124', 31, 1, 0, 600),
(406, '2014-02-11', '124', 30, 1, 0, 600),
(407, '2014-02-11', '124', 27, 1, 0, 600),
(408, '2014-02-11', '124', 26, 1, 0, 600),
(409, '2014-02-11', '59', 87, 2, 0, 95),
(410, '2014-02-11', '59', 88, 2, 0, 95),
(411, '2014-02-11', '59', 48, 2, 0, 95),
(412, '2014-02-11', '59', 49, 2, 0, 95),
(413, '2014-02-11', '59', 55, 2, 0, 95),
(414, '2014-02-11', '59', 56, 2, 0, 95),
(415, '2014-02-11', '359', 56, 1, 0, 595),
(416, '2014-02-11', '359', 55, 1, 0, 595),
(417, '2014-02-11', '359', 49, 1, 0, 595),
(418, '2014-02-11', '359', 48, 1, 0, 595),
(419, '2014-02-11', '359', 88, 1, 0, 595),
(420, '2014-02-11', '359', 87, 1, 0, 595),
(421, '2014-02-11', '563', 27, 1, 0, 550),
(422, '2014-02-11', '536', 27, 1, 0, 550),
(423, '2014-02-11', '653', 27, 1, 0, 550),
(424, '2014-02-11', '635', 27, 1, 0, 550),
(425, '2014-02-11', '356', 27, 1, 0, 550),
(426, '2014-02-11', '365', 27, 1, 0, 550),
(427, '2014-02-11', '563', 26, 1, 0, 550),
(428, '2014-02-11', '536', 26, 1, 0, 550),
(429, '2014-02-11', '653', 26, 1, 0, 550),
(430, '2014-02-11', '635', 26, 1, 0, 550),
(431, '2014-02-11', '356', 26, 1, 0, 550),
(432, '2014-02-11', '365', 26, 1, 0, 550),
(433, '2014-02-11', '56', 26, 2, 0, 95),
(434, '2014-02-11', '56', 27, 2, 0, 95),
(435, '2014-02-11', '56', 30, 2, 0, 95),
(436, '2014-02-11', '56', 31, 2, 0, 95),
(437, '2014-02-11', '56', 71, 2, 0, 95),
(438, '2014-02-11', '56', 72, 2, 0, 95),
(439, '2014-02-11', '56', 82, 2, 0, 95),
(440, '2014-02-11', '56', 83, 2, 0, 95),
(441, '2014-02-11', '56', 95, 2, 0, 95),
(442, '2014-02-11', '56', 96, 2, 0, 95),
(443, '2014-02-11', '956', 96, 1, 0, 598),
(444, '2014-02-11', '956', 95, 1, 0, 598),
(445, '2014-02-11', '956', 83, 1, 0, 598),
(446, '2014-02-11', '956', 82, 1, 0, 598),
(447, '2014-02-11', '956', 72, 1, 0, 598),
(448, '2014-02-11', '956', 71, 1, 0, 598),
(449, '2014-02-11', '956', 31, 1, 0, 598),
(450, '2014-02-11', '956', 30, 1, 0, 598),
(451, '2014-02-11', '956', 27, 1, 0, 598),
(452, '2014-02-11', '956', 26, 1, 0, 598),
(453, '2014-02-11', '236', 87, 1, 0, 550),
(454, '2014-02-11', '236', 53, 1, 0, 550),
(455, '2014-02-11', '236', 52, 1, 0, 550),
(456, '2014-02-11', '236', 40, 3, 4, 450),
(457, '2014-02-11', '236', 40, 3, 3, 450),
(458, '2014-02-11', '236', 40, 3, 2, 450),
(459, '2014-02-11', '236', 39, 1, 0, 550),
(460, '2014-02-11', '236', 34, 1, 0, 550),
(461, '2014-02-11', '236', 83, 1, 0, 550),
(462, '2014-02-11', '236', 82, 1, 0, 550),
(463, '2014-02-11', '236', 73, 1, 0, 550),
(464, '2014-02-11', '236', 72, 1, 0, 550),
(465, '2014-02-11', '236', 31, 1, 0, 806),
(466, '2014-02-11', '236', 30, 1, 0, 806),
(467, '2014-02-11', '236', 27, 1, 0, 806),
(468, '2014-02-11', '130', 31, 1, 0, 597),
(469, '2014-02-11', '129', 31, 1, 0, 597),
(470, '2014-02-11', '128', 31, 1, 0, 597),
(471, '2014-02-11', '127', 31, 1, 0, 597),
(472, '2014-02-11', '126', 31, 1, 0, 597),
(473, '2014-02-11', '125', 31, 1, 0, 597),
(474, '2014-02-11', '123', 31, 1, 0, 600),
(475, '2014-02-11', '122', 31, 1, 0, 597),
(476, '2014-02-11', '121', 31, 1, 0, 597),
(477, '2014-02-11', '120', 31, 1, 0, 599),
(478, '2014-02-11', '130', 30, 1, 0, 597),
(479, '2014-02-11', '129', 30, 1, 0, 597),
(480, '2014-02-11', '128', 30, 1, 0, 597),
(481, '2014-02-11', '127', 30, 1, 0, 597),
(482, '2014-02-11', '126', 30, 1, 0, 597),
(483, '2014-02-11', '125', 30, 1, 0, 597),
(484, '2014-02-11', '123', 30, 1, 0, 600),
(485, '2014-02-11', '122', 30, 1, 0, 597),
(486, '2014-02-11', '121', 30, 1, 0, 597),
(487, '2014-02-11', '120', 30, 1, 0, 599),
(488, '2014-02-11', '130', 27, 1, 0, 597),
(489, '2014-02-11', '129', 27, 1, 0, 597),
(490, '2014-02-11', '128', 27, 1, 0, 597),
(491, '2014-02-11', '127', 27, 1, 0, 597),
(492, '2014-02-11', '126', 27, 1, 0, 597),
(493, '2014-02-11', '125', 27, 1, 0, 597),
(494, '2014-02-11', '123', 27, 1, 0, 600),
(495, '2014-02-11', '122', 27, 1, 0, 597),
(496, '2014-02-11', '121', 27, 1, 0, 597),
(497, '2014-02-11', '120', 27, 1, 0, 599),
(498, '2014-02-11', '130', 26, 1, 0, 597),
(499, '2014-02-11', '129', 26, 1, 0, 597),
(500, '2014-02-11', '128', 26, 1, 0, 597),
(501, '2014-02-11', '127', 26, 1, 0, 597),
(502, '2014-02-11', '126', 26, 1, 0, 597),
(503, '2014-02-11', '125', 26, 1, 0, 598),
(504, '2014-02-11', '123', 26, 1, 0, 599),
(505, '2014-02-11', '122', 26, 1, 0, 597),
(506, '2014-02-11', '121', 26, 1, 0, 597),
(507, '2014-02-11', '120', 26, 1, 0, 599),
(508, '2014-02-11', '236', 26, 1, 0, 344),
(509, '2014-02-11', '29', 72, 2, 0, 98),
(510, '2014-02-11', '28', 72, 2, 0, 98),
(511, '2014-02-11', '27', 72, 2, 0, 98),
(512, '2014-02-11', '26', 72, 2, 0, 98),
(513, '2014-02-11', '25', 72, 2, 0, 98),
(514, '2014-02-11', '24', 72, 2, 0, 98),
(515, '2014-02-11', '23', 72, 2, 0, 98),
(516, '2014-02-11', '22', 72, 2, 0, 98),
(517, '2014-02-11', '21', 72, 2, 0, 98),
(518, '2014-02-11', '20', 72, 2, 0, 98),
(519, '2014-02-11', '29', 71, 2, 0, 98),
(520, '2014-02-11', '28', 71, 2, 0, 98),
(521, '2014-02-11', '27', 71, 2, 0, 98),
(522, '2014-02-11', '26', 71, 2, 0, 98),
(523, '2014-02-11', '25', 71, 2, 0, 98),
(524, '2014-02-11', '24', 71, 2, 0, 98),
(525, '2014-02-11', '23', 71, 2, 0, 98),
(526, '2014-02-11', '22', 71, 2, 0, 98),
(527, '2014-02-11', '21', 71, 2, 0, 98),
(528, '2014-02-11', '20', 71, 2, 0, 98),
(529, '2014-02-11', '29', 31, 2, 0, 98),
(530, '2014-02-11', '28', 31, 2, 0, 98),
(531, '2014-02-11', '27', 31, 2, 0, 98),
(532, '2014-02-11', '26', 31, 2, 0, 98),
(533, '2014-02-11', '25', 31, 2, 0, 98),
(534, '2014-02-11', '24', 31, 2, 0, 103),
(535, '2014-02-11', '23', 31, 2, 0, 103),
(536, '2014-02-11', '22', 31, 2, 0, 98),
(537, '2014-02-11', '21', 31, 2, 0, 103),
(538, '2014-02-11', '20', 31, 2, 0, 98),
(539, '2014-02-11', '29', 30, 2, 0, 98),
(540, '2014-02-11', '28', 30, 2, 0, 98),
(541, '2014-02-11', '27', 30, 2, 0, 98),
(542, '2014-02-11', '26', 30, 2, 0, 98),
(543, '2014-02-11', '25', 30, 2, 0, 98),
(544, '2014-02-11', '24', 30, 2, 0, 98),
(545, '2014-02-11', '23', 30, 2, 0, 98),
(546, '2014-02-11', '22', 30, 2, 0, 98),
(547, '2014-02-11', '21', 30, 2, 0, 98),
(548, '2014-02-11', '20', 30, 2, 0, 98),
(549, '2014-02-11', '29', 27, 2, 0, 98),
(550, '2014-02-11', '28', 27, 2, 0, 98),
(551, '2014-02-11', '27', 27, 2, 0, 98),
(552, '2014-02-11', '26', 27, 2, 0, 98),
(553, '2014-02-11', '25', 27, 2, 0, 98),
(554, '2014-02-11', '24', 27, 2, 0, 98),
(555, '2014-02-11', '23', 27, 2, 0, 98),
(556, '2014-02-11', '22', 27, 2, 0, 98),
(557, '2014-02-11', '21', 27, 2, 0, 98),
(558, '2014-02-11', '20', 27, 2, 0, 98),
(559, '2014-02-11', '29', 26, 2, 0, 98),
(560, '2014-02-11', '28', 26, 2, 0, 98),
(561, '2014-02-11', '27', 26, 2, 0, 98),
(562, '2014-02-11', '26', 26, 2, 0, 98),
(563, '2014-02-11', '25', 26, 2, 0, 98),
(564, '2014-02-11', '24', 26, 2, 0, 98),
(565, '2014-02-11', '23', 26, 2, 0, 98),
(566, '2014-02-11', '22', 26, 2, 0, 98),
(567, '2014-02-11', '21', 26, 2, 0, 98),
(568, '2014-02-11', '20', 26, 2, 0, 98),
(569, '2014-02-11', '920', 72, 1, 0, 598),
(570, '2014-02-11', '820', 72, 1, 0, 598),
(571, '2014-02-11', '720', 72, 1, 0, 598),
(572, '2014-02-11', '620', 72, 1, 0, 598),
(573, '2014-02-11', '520', 72, 1, 0, 598),
(574, '2014-02-11', '420', 72, 1, 0, 598),
(575, '2014-02-11', '320', 72, 1, 0, 598),
(576, '2014-02-11', '220', 72, 1, 0, 598),
(577, '2014-02-11', '120', 72, 1, 0, 598),
(578, '2014-02-11', '020', 72, 1, 0, 598),
(579, '2014-02-11', '920', 71, 1, 0, 598),
(580, '2014-02-11', '820', 71, 1, 0, 598),
(581, '2014-02-11', '720', 71, 1, 0, 598),
(582, '2014-02-11', '620', 71, 1, 0, 598),
(583, '2014-02-11', '520', 71, 1, 0, 598),
(584, '2014-02-11', '420', 71, 1, 0, 598),
(585, '2014-02-11', '320', 71, 1, 0, 598),
(586, '2014-02-11', '220', 71, 1, 0, 598),
(587, '2014-02-11', '120', 71, 1, 0, 598),
(588, '2014-02-11', '020', 71, 1, 0, 598),
(589, '2014-02-11', '920', 31, 1, 0, 598),
(590, '2014-02-11', '820', 31, 1, 0, 598),
(591, '2014-02-11', '720', 31, 1, 0, 598),
(592, '2014-02-11', '620', 31, 1, 0, 598),
(593, '2014-02-11', '520', 31, 1, 0, 598),
(594, '2014-02-11', '420', 31, 1, 0, 598),
(595, '2014-02-11', '320', 31, 1, 0, 598),
(596, '2014-02-11', '220', 31, 1, 0, 598),
(597, '2014-02-11', '020', 31, 1, 0, 598),
(598, '2014-02-11', '920', 30, 1, 0, 598),
(599, '2014-02-11', '820', 30, 1, 0, 598),
(600, '2014-02-11', '720', 30, 1, 0, 598),
(601, '2014-02-11', '620', 30, 1, 0, 598),
(602, '2014-02-11', '520', 30, 1, 0, 598),
(603, '2014-02-11', '420', 30, 1, 0, 598),
(604, '2014-02-11', '320', 30, 1, 0, 598),
(605, '2014-02-11', '220', 30, 1, 0, 598),
(606, '2014-02-11', '020', 30, 1, 0, 598),
(607, '2014-02-11', '920', 27, 1, 0, 598),
(608, '2014-02-11', '820', 27, 1, 0, 598),
(609, '2014-02-11', '720', 27, 1, 0, 598),
(610, '2014-02-11', '620', 27, 1, 0, 598),
(611, '2014-02-11', '520', 27, 1, 0, 598),
(612, '2014-02-11', '420', 27, 1, 0, 598),
(613, '2014-02-11', '320', 27, 1, 0, 598),
(614, '2014-02-11', '220', 27, 1, 0, 598),
(615, '2014-02-11', '020', 27, 1, 0, 598),
(616, '2014-02-11', '920', 26, 1, 0, 598),
(617, '2014-02-11', '820', 26, 1, 0, 598),
(618, '2014-02-11', '720', 26, 1, 0, 598),
(619, '2014-02-11', '620', 26, 1, 0, 598),
(620, '2014-02-11', '520', 26, 1, 0, 598),
(621, '2014-02-11', '420', 26, 1, 0, 598),
(622, '2014-02-11', '320', 26, 1, 0, 598),
(623, '2014-02-11', '220', 26, 1, 0, 598),
(624, '2014-02-11', '020', 26, 1, 0, 598),
(625, '2014-02-11', '329', 66, 3, 1, 498),
(626, '2014-02-11', '392', 66, 3, 1, 498),
(627, '2014-02-11', '239', 66, 3, 1, 498),
(628, '2014-02-11', '293', 66, 3, 1, 498),
(629, '2014-02-11', '932', 66, 3, 1, 498),
(630, '2014-02-11', '923', 66, 3, 1, 498),
(631, '2014-02-11', '329', 65, 1, 0, 598),
(632, '2014-02-11', '392', 65, 1, 0, 598),
(633, '2014-02-11', '239', 65, 1, 0, 598),
(634, '2014-02-11', '293', 65, 1, 0, 598),
(635, '2014-02-11', '932', 65, 1, 0, 598),
(636, '2014-02-11', '923', 65, 1, 0, 598),
(637, '2014-02-11', '329', 64, 1, 0, 598),
(638, '2014-02-11', '392', 64, 1, 0, 598),
(639, '2014-02-11', '239', 64, 1, 0, 598),
(640, '2014-02-11', '293', 64, 1, 0, 598),
(641, '2014-02-11', '932', 64, 1, 0, 598),
(642, '2014-02-11', '923', 64, 1, 0, 598),
(643, '2014-02-11', '329', 63, 1, 0, 598),
(644, '2014-02-11', '392', 63, 1, 0, 598),
(645, '2014-02-11', '239', 63, 1, 0, 598),
(646, '2014-02-11', '293', 63, 1, 0, 598),
(647, '2014-02-11', '932', 63, 1, 0, 598),
(648, '2014-02-11', '923', 63, 1, 0, 598),
(649, '2014-02-11', '34', 31, 2, 0, 95),
(650, '2014-02-11', '43', 31, 2, 0, 96),
(651, '2014-02-11', '14', 31, 2, 0, 95),
(652, '2014-02-11', '41', 31, 2, 0, 95),
(653, '2014-02-11', '42', 31, 2, 0, 95),
(654, '2014-02-11', '12', 31, 2, 0, 95),
(655, '2014-02-11', '13', 31, 2, 0, 95),
(656, '2014-02-11', '31', 31, 2, 0, 95),
(657, '2014-02-11', '32', 31, 2, 0, 95),
(658, '2014-02-11', '432', 31, 1, 0, 598),
(659, '2014-02-11', '431', 31, 1, 0, 598),
(660, '2014-02-11', '423', 31, 1, 0, 598),
(661, '2014-02-11', '421', 31, 1, 0, 598),
(662, '2014-02-11', '413', 31, 1, 0, 598),
(663, '2014-02-11', '412', 31, 1, 0, 598),
(664, '2014-02-11', '342', 31, 1, 0, 598),
(665, '2014-02-11', '341', 31, 1, 0, 598),
(666, '2014-02-11', '324', 31, 1, 0, 598),
(667, '2014-02-11', '321', 31, 1, 0, 598),
(668, '2014-02-11', '314', 31, 1, 0, 598),
(669, '2014-02-11', '312', 31, 1, 0, 598),
(670, '2014-02-11', '243', 31, 1, 0, 599),
(671, '2014-02-11', '241', 31, 1, 0, 598),
(672, '2014-02-11', '234', 31, 1, 0, 598),
(673, '2014-02-11', '231', 31, 1, 0, 600),
(674, '2014-02-11', '214', 31, 1, 0, 599),
(675, '2014-02-11', '213', 31, 1, 0, 598),
(676, '2014-02-11', '143', 31, 1, 0, 598),
(677, '2014-02-11', '142', 31, 1, 0, 601),
(678, '2014-02-11', '134', 31, 1, 0, 598),
(679, '2014-02-11', '132', 31, 1, 0, 598),
(680, '2014-02-11', '432', 30, 1, 0, 598),
(681, '2014-02-11', '431', 30, 1, 0, 598),
(682, '2014-02-11', '423', 30, 1, 0, 598),
(683, '2014-02-11', '421', 30, 1, 0, 598),
(684, '2014-02-11', '413', 30, 1, 0, 598),
(685, '2014-02-11', '412', 30, 1, 0, 598),
(686, '2014-02-11', '342', 30, 1, 0, 598),
(687, '2014-02-11', '341', 30, 1, 0, 598),
(688, '2014-02-11', '324', 30, 1, 0, 598),
(689, '2014-02-11', '321', 30, 1, 0, 598),
(690, '2014-02-11', '314', 30, 1, 0, 598),
(691, '2014-02-11', '312', 30, 1, 0, 598),
(692, '2014-02-11', '243', 30, 1, 0, 599),
(693, '2014-02-11', '241', 30, 1, 0, 598),
(694, '2014-02-11', '234', 30, 1, 0, 598),
(695, '2014-02-11', '231', 30, 1, 0, 600),
(696, '2014-02-11', '214', 30, 1, 0, 599),
(697, '2014-02-11', '213', 30, 1, 0, 598),
(698, '2014-02-11', '143', 30, 1, 0, 598),
(699, '2014-02-11', '142', 30, 1, 0, 601),
(700, '2014-02-11', '134', 30, 1, 0, 598),
(701, '2014-02-11', '132', 30, 1, 0, 598),
(702, '2014-02-11', '432', 27, 1, 0, 598),
(703, '2014-02-11', '431', 27, 1, 0, 598),
(704, '2014-02-11', '423', 27, 1, 0, 598),
(705, '2014-02-11', '421', 27, 1, 0, 598),
(706, '2014-02-11', '413', 27, 1, 0, 598),
(707, '2014-02-11', '412', 27, 1, 0, 598),
(708, '2014-02-11', '342', 27, 1, 0, 598),
(709, '2014-02-11', '341', 27, 1, 0, 598),
(710, '2014-02-11', '324', 27, 1, 0, 598),
(711, '2014-02-11', '321', 27, 1, 0, 598),
(712, '2014-02-11', '314', 27, 1, 0, 598),
(713, '2014-02-11', '312', 27, 1, 0, 598),
(714, '2014-02-11', '243', 27, 1, 0, 599),
(715, '2014-02-11', '241', 27, 1, 0, 598),
(716, '2014-02-11', '234', 27, 1, 0, 598),
(717, '2014-02-11', '231', 27, 1, 0, 598),
(718, '2014-02-11', '214', 27, 1, 0, 599),
(719, '2014-02-11', '213', 27, 1, 0, 598),
(720, '2014-02-11', '143', 27, 1, 0, 598),
(721, '2014-02-11', '142', 27, 1, 0, 601),
(722, '2014-02-11', '134', 27, 1, 0, 598),
(723, '2014-02-11', '132', 27, 1, 0, 598),
(724, '2014-02-11', '432', 26, 1, 0, 598),
(725, '2014-02-11', '431', 26, 1, 0, 598),
(726, '2014-02-11', '423', 26, 1, 0, 598),
(727, '2014-02-11', '421', 26, 1, 0, 598),
(728, '2014-02-11', '413', 26, 1, 0, 598),
(729, '2014-02-11', '412', 26, 1, 0, 598),
(730, '2014-02-11', '342', 26, 1, 0, 598),
(731, '2014-02-11', '341', 26, 1, 0, 598),
(732, '2014-02-11', '324', 26, 1, 0, 598),
(733, '2014-02-11', '321', 26, 1, 0, 598),
(734, '2014-02-11', '314', 26, 1, 0, 598),
(735, '2014-02-11', '312', 26, 1, 0, 598),
(736, '2014-02-11', '243', 26, 1, 0, 599),
(737, '2014-02-11', '241', 26, 1, 0, 598),
(738, '2014-02-11', '234', 26, 1, 0, 598),
(739, '2014-02-11', '231', 26, 1, 0, 598),
(740, '2014-02-11', '214', 26, 1, 0, 598),
(741, '2014-02-11', '213', 26, 1, 0, 598),
(742, '2014-02-11', '143', 26, 1, 0, 598),
(743, '2014-02-11', '142', 26, 1, 0, 601),
(744, '2014-02-11', '134', 26, 1, 0, 598),
(745, '2014-02-11', '132', 26, 1, 0, 598),
(746, '2014-02-11', '936', 64, 1, 0, 599),
(747, '2014-02-11', '836', 64, 1, 0, 599),
(748, '2014-02-11', '736', 64, 1, 0, 599),
(749, '2014-02-11', '636', 64, 1, 0, 599),
(750, '2014-02-11', '536', 64, 1, 0, 599),
(751, '2014-02-11', '436', 64, 1, 0, 599),
(752, '2014-02-11', '336', 64, 1, 0, 599),
(753, '2014-02-11', '236', 64, 1, 0, 599),
(754, '2014-02-11', '136', 64, 1, 0, 599),
(755, '2014-02-11', '036', 64, 1, 0, 599),
(756, '2014-02-11', '936', 63, 1, 0, 599),
(757, '2014-02-11', '836', 63, 1, 0, 599),
(758, '2014-02-11', '736', 63, 1, 0, 599),
(759, '2014-02-11', '636', 63, 1, 0, 599),
(760, '2014-02-11', '536', 63, 1, 0, 599),
(761, '2014-02-11', '436', 63, 1, 0, 599),
(762, '2014-02-11', '336', 63, 1, 0, 599),
(763, '2014-02-11', '236', 63, 1, 0, 599),
(764, '2014-02-11', '136', 63, 1, 0, 599),
(765, '2014-02-11', '036', 63, 1, 0, 599),
(766, '2014-02-11', '984', 83, 1, 0, 600),
(767, '2014-02-11', '884', 83, 1, 0, 600),
(768, '2014-02-11', '784', 83, 1, 0, 600),
(769, '2014-02-11', '684', 83, 1, 0, 600),
(770, '2014-02-11', '584', 83, 1, 0, 600),
(771, '2014-02-11', '484', 83, 1, 0, 600),
(772, '2014-02-11', '384', 83, 1, 0, 600),
(773, '2014-02-11', '284', 83, 1, 0, 600),
(774, '2014-02-11', '184', 83, 1, 0, 600),
(775, '2014-02-11', '084', 83, 1, 0, 600),
(776, '2014-02-11', '984', 82, 1, 0, 600),
(777, '2014-02-11', '884', 82, 1, 0, 600),
(778, '2014-02-11', '784', 82, 1, 0, 600),
(779, '2014-02-11', '684', 82, 1, 0, 600),
(780, '2014-02-11', '584', 82, 1, 0, 600),
(781, '2014-02-11', '484', 82, 1, 0, 600),
(782, '2014-02-11', '384', 82, 1, 0, 600),
(783, '2014-02-11', '284', 82, 1, 0, 600),
(784, '2014-02-11', '184', 82, 1, 0, 600),
(785, '2014-02-11', '084', 82, 1, 0, 600),
(786, '2014-02-11', '984', 72, 1, 0, 600),
(787, '2014-02-11', '884', 72, 1, 0, 600),
(788, '2014-02-11', '784', 72, 1, 0, 600),
(789, '2014-02-11', '684', 72, 1, 0, 600),
(790, '2014-02-11', '584', 72, 1, 0, 600),
(791, '2014-02-11', '484', 72, 1, 0, 600),
(792, '2014-02-11', '384', 72, 1, 0, 600),
(793, '2014-02-11', '284', 72, 1, 0, 600),
(794, '2014-02-11', '184', 72, 1, 0, 600),
(795, '2014-02-11', '084', 72, 1, 0, 600),
(796, '2014-02-11', '984', 71, 1, 0, 600),
(797, '2014-02-11', '884', 71, 1, 0, 600),
(798, '2014-02-11', '784', 71, 1, 0, 600),
(799, '2014-02-11', '684', 71, 1, 0, 600),
(800, '2014-02-11', '584', 71, 1, 0, 600),
(801, '2014-02-11', '484', 71, 1, 0, 600),
(802, '2014-02-11', '384', 71, 1, 0, 600),
(803, '2014-02-11', '284', 71, 1, 0, 600),
(804, '2014-02-11', '184', 71, 1, 0, 600),
(805, '2014-02-11', '084', 71, 1, 0, 600),
(806, '2014-02-11', '984', 31, 1, 0, 600),
(807, '2014-02-11', '884', 31, 1, 0, 600),
(808, '2014-02-11', '784', 31, 1, 0, 600),
(809, '2014-02-11', '684', 31, 1, 0, 600),
(810, '2014-02-11', '584', 31, 1, 0, 600),
(811, '2014-02-11', '484', 31, 1, 0, 600),
(812, '2014-02-11', '384', 31, 1, 0, 600),
(813, '2014-02-11', '284', 31, 1, 0, 600),
(814, '2014-02-11', '184', 31, 1, 0, 600),
(815, '2014-02-11', '084', 31, 1, 0, 600),
(816, '2014-02-11', '984', 30, 1, 0, 600),
(817, '2014-02-11', '884', 30, 1, 0, 600),
(818, '2014-02-11', '784', 30, 1, 0, 600),
(819, '2014-02-11', '684', 30, 1, 0, 600),
(820, '2014-02-11', '584', 30, 1, 0, 600),
(821, '2014-02-11', '484', 30, 1, 0, 600),
(822, '2014-02-11', '384', 30, 1, 0, 600),
(823, '2014-02-11', '284', 30, 1, 0, 600),
(824, '2014-02-11', '184', 30, 1, 0, 600),
(825, '2014-02-11', '084', 30, 1, 0, 600),
(826, '2014-02-11', '984', 27, 1, 0, 600),
(827, '2014-02-11', '884', 27, 1, 0, 600),
(828, '2014-02-11', '784', 27, 1, 0, 600),
(829, '2014-02-11', '684', 27, 1, 0, 600),
(830, '2014-02-11', '584', 27, 1, 0, 600),
(831, '2014-02-11', '484', 27, 1, 0, 600),
(832, '2014-02-11', '384', 27, 1, 0, 600),
(833, '2014-02-11', '284', 27, 1, 0, 600),
(834, '2014-02-11', '184', 27, 1, 0, 600),
(835, '2014-02-11', '084', 27, 1, 0, 600),
(836, '2014-02-11', '984', 26, 1, 0, 600),
(837, '2014-02-11', '884', 26, 1, 0, 600),
(838, '2014-02-11', '784', 26, 1, 0, 600),
(839, '2014-02-11', '684', 26, 1, 0, 600),
(840, '2014-02-11', '584', 26, 1, 0, 600),
(841, '2014-02-11', '484', 26, 1, 0, 600),
(842, '2014-02-11', '384', 26, 1, 0, 600),
(843, '2014-02-11', '284', 26, 1, 0, 600),
(844, '2014-02-11', '184', 26, 1, 0, 600),
(845, '2014-02-11', '084', 26, 1, 0, 600),
(846, '2014-02-11', '159', 102, 3, 7, 500),
(847, '2014-02-11', '159', 102, 3, 6, 494),
(848, '2014-02-11', '159', 102, 3, 5, 500),
(849, '2014-02-11', '159', 102, 3, 4, 494),
(850, '2014-02-11', '159', 102, 3, 3, 500),
(851, '2014-02-11', '159', 101, 1, 0, 600),
(852, '2014-02-11', '159', 100, 1, 0, 597),
(853, '2014-02-11', '159', 99, 1, 0, 597),
(854, '2014-02-11', '319', 48, 1, 0, 600),
(855, '2014-02-11', '124', 62, 3, 5, 496),
(856, '2014-02-11', '24', 42, 2, 0, 99),
(857, '2014-02-11', '43', 26, 2, 0, 99),
(858, '2014-02-11', '43', 27, 2, 0, 99),
(859, '2014-02-11', '43', 30, 2, 0, 99),
(860, '2014-02-11', '43', 37, 2, 0, 99),
(861, '2014-02-11', '43', 38, 2, 0, 99),
(862, '2014-02-11', '43', 41, 2, 0, 99),
(863, '2014-02-11', '43', 42, 2, 0, 99),
(864, '2014-02-11', '243', 42, 1, 0, 599),
(865, '2014-02-11', '243', 41, 1, 0, 599),
(866, '2014-02-11', '243', 38, 1, 0, 599),
(867, '2014-02-11', '243', 37, 1, 0, 599),
(868, '2014-02-11', '824', 42, 1, 0, 599),
(869, '2014-02-11', '824', 41, 1, 0, 599),
(870, '2014-02-11', '824', 38, 1, 0, 599),
(871, '2014-02-11', '824', 37, 1, 0, 599),
(872, '2014-02-11', '824', 31, 1, 0, 599),
(873, '2014-02-11', '824', 30, 1, 0, 599),
(874, '2014-02-11', '824', 27, 1, 0, 599),
(875, '2014-02-11', '824', 26, 1, 0, 599),
(876, '2014-02-11', '214', 83, 1, 0, 599),
(877, '2014-02-11', '214', 82, 1, 0, 599),
(878, '2014-02-11', '214', 28, 1, 0, 599),
(879, '2014-02-11', '123', 66, 3, 1, 499),
(880, '2014-02-11', '123', 65, 1, 0, 599),
(881, '2014-02-11', '123', 64, 1, 0, 599),
(882, '2014-02-11', '123', 63, 1, 0, 599),
(883, '2014-02-11', '123', 62, 3, 1, 499),
(884, '2014-02-11', '123', 61, 1, 0, 599),
(885, '2014-02-11', '123', 60, 1, 0, 599),
(886, '2014-02-11', '123', 59, 1, 0, 599),
(887, '2014-02-11', '142', 39, 1, 0, 597),
(888, '2014-02-11', '123', 78, 3, 1, 499),
(889, '2014-02-11', '142', 38, 1, 0, 597),
(890, '2014-02-11', '123', 77, 1, 0, 599),
(891, '2014-02-11', '142', 37, 1, 0, 597),
(892, '2014-02-11', '123', 76, 1, 0, 599),
(893, '2014-02-11', '142', 36, 3, 4, 497),
(894, '2014-02-11', '123', 75, 1, 0, 599),
(895, '2014-02-11', '142', 36, 3, 3, 497),
(896, '2014-02-11', '123', 58, 3, 1, 499),
(897, '2014-02-11', '142', 36, 3, 2, 497),
(898, '2014-02-11', '123', 57, 1, 0, 599),
(899, '2014-02-11', '142', 35, 1, 0, 597),
(900, '2014-02-11', '123', 56, 1, 0, 599),
(901, '2014-02-11', '142', 34, 1, 0, 597),
(902, '2014-02-11', '123', 55, 1, 0, 599),
(903, '2014-02-11', '142', 84, 1, 0, 597),
(904, '2014-02-11', '123', 50, 3, 1, 499),
(905, '2014-02-11', '142', 83, 1, 0, 597),
(906, '2014-02-11', '123', 49, 1, 0, 599),
(907, '2014-02-11', '123', 48, 1, 0, 599),
(908, '2014-02-11', '142', 82, 1, 0, 597),
(909, '2014-02-11', '123', 90, 3, 1, 499),
(910, '2014-02-11', '123', 89, 1, 0, 599),
(911, '2014-02-11', '142', 32, 1, 0, 597),
(912, '2014-02-11', '123', 88, 1, 0, 599),
(913, '2014-02-11', '123', 87, 1, 0, 599),
(914, '2014-02-11', '123', 102, 3, 1, 499),
(915, '2014-02-11', '123', 101, 1, 0, 599),
(916, '2014-02-11', '142', 28, 1, 0, 597),
(917, '2014-02-11', '123', 54, 3, 1, 499),
(918, '2014-02-11', '123', 53, 1, 0, 599),
(919, '2014-02-11', '123', 44, 3, 1, 499),
(920, '2014-02-11', '123', 43, 1, 0, 599),
(921, '2014-02-11', '123', 42, 1, 0, 599),
(922, '2014-02-11', '123', 41, 1, 0, 599),
(923, '2014-02-11', '123', 40, 3, 1, 499),
(924, '2014-02-11', '123', 39, 1, 0, 599),
(925, '2014-02-11', '123', 38, 1, 0, 599),
(926, '2014-02-11', '123', 37, 1, 0, 599),
(927, '2014-02-11', '123', 36, 3, 1, 499),
(928, '2014-02-11', '123', 35, 1, 0, 599),
(929, '2014-02-11', '123', 34, 1, 0, 599),
(930, '2014-02-11', '123', 98, 3, 1, 499),
(931, '2014-02-11', '123', 97, 1, 0, 599),
(932, '2014-02-11', '123', 96, 1, 0, 599),
(933, '2014-02-11', '123', 95, 1, 0, 599),
(934, '2014-02-11', '123', 86, 3, 1, 499),
(935, '2014-02-11', '123', 84, 1, 0, 599),
(936, '2014-02-11', '123', 83, 1, 0, 599),
(937, '2014-02-11', '123', 82, 1, 0, 599),
(938, '2014-02-11', '123', 74, 3, 1, 499),
(939, '2014-02-11', '123', 73, 1, 0, 599),
(940, '2014-02-11', '123', 72, 1, 0, 599),
(941, '2014-02-11', '123', 71, 1, 0, 599),
(942, '2014-02-11', '123', 33, 3, 1, 499),
(943, '2014-02-11', '123', 32, 1, 0, 599),
(944, '2014-02-11', '123', 29, 3, 1, 499),
(945, '2014-02-11', '123', 28, 1, 0, 599),
(946, '2014-02-11', '857', 29, 3, 3, 500),
(947, '2014-02-11', '857', 29, 3, 2, 500),
(948, '2014-02-11', '857', 28, 1, 0, 600),
(949, '2014-02-11', '857', 27, 1, 0, 600),
(950, '2014-02-11', '857', 26, 1, 0, 600),
(951, '2014-02-11', '978', 27, 1, 0, 595),
(952, '2014-02-11', '878', 27, 1, 0, 595),
(953, '2014-02-11', '778', 27, 1, 0, 595),
(954, '2014-02-11', '678', 27, 1, 0, 595),
(955, '2014-02-11', '578', 27, 1, 0, 595),
(956, '2014-02-11', '478', 27, 1, 0, 595),
(957, '2014-02-11', '378', 27, 1, 0, 595),
(958, '2014-02-11', '278', 27, 1, 0, 595),
(959, '2014-02-11', '178', 27, 1, 0, 595),
(960, '2014-02-11', '078', 27, 1, 0, 595),
(961, '2014-02-11', '978', 26, 1, 0, 595),
(962, '2014-02-11', '878', 26, 1, 0, 595),
(963, '2014-02-11', '778', 26, 1, 0, 595),
(964, '2014-02-11', '678', 26, 1, 0, 595),
(965, '2014-02-11', '578', 26, 1, 0, 595),
(966, '2014-02-11', '478', 26, 1, 0, 595),
(967, '2014-02-11', '378', 26, 1, 0, 595),
(968, '2014-02-11', '278', 26, 1, 0, 595),
(969, '2014-02-11', '178', 26, 1, 0, 595),
(970, '2014-02-11', '078', 26, 1, 0, 595);

-- --------------------------------------------------------

--
-- Estructura de tabla para la tabla `parametros`
--

CREATE TABLE IF NOT EXISTS `parametros` (
  `id_parametros` int(11) NOT NULL AUTO_INCREMENT,
  `id_agencia` int(11) NOT NULL,
  `nombre_agencia` varchar(50) COLLATE utf8_unicode_ci NOT NULL,
  `tiempo_cierre_sorteos` int(11) NOT NULL COMMENT 'Expresado en minutos',
  `tiempo_anulacion_ticket` int(11) NOT NULL COMMENT 'Expresado en minutos',
  `tiempo_vigencia_ticket` int(11) NOT NULL COMMENT 'Expresado en dias',
  `aprox_abajo` tinyint(1) NOT NULL DEFAULT '0',
  `aprox_arriba` tinyint(1) NOT NULL DEFAULT '0',
  `comision_agencia` int(11) NOT NULL,
  UNIQUE KEY `id_parametros` (`id_parametros`)
) ENGINE=InnoDB  DEFAULT CHARSET=utf8 COLLATE=utf8_unicode_ci AUTO_INCREMENT=2 ;

--
-- Volcado de datos para la tabla `parametros`
--

INSERT INTO `parametros` (`id_parametros`, `id_agencia`, `nombre_agencia`, `tiempo_cierre_sorteos`, `tiempo_anulacion_ticket`, `tiempo_vigencia_ticket`, `aprox_abajo`, `aprox_arriba`, `comision_agencia`) VALUES
(1, 1, 'Makamindres', 10, 5, 3, 1, 1, 22);

-- --------------------------------------------------------

--
-- Estructura de tabla para la tabla `perfil`
--

CREATE TABLE IF NOT EXISTS `perfil` (
  `id_perfil` int(11) NOT NULL AUTO_INCREMENT,
  `nombre_perfil` varchar(20) DEFAULT NULL,
  PRIMARY KEY (`id_perfil`)
) ENGINE=InnoDB  DEFAULT CHARSET=latin1 AUTO_INCREMENT=5 ;

--
-- Volcado de datos para la tabla `perfil`
--

INSERT INTO `perfil` (`id_perfil`, `nombre_perfil`) VALUES
(1, 'Administrador'),
(2, 'Banquero'),
(3, 'Intermediario'),
(4, 'Vendedor');

-- --------------------------------------------------------

--
-- Estructura de tabla para la tabla `prueba`
--

CREATE TABLE IF NOT EXISTS `prueba` (
  `id_prueba` int(11) NOT NULL AUTO_INCREMENT,
  `date` datetime NOT NULL,
  PRIMARY KEY (`id_prueba`)
) ENGINE=InnoDB  DEFAULT CHARSET=utf8 COLLATE=utf8_unicode_ci COMMENT='tabla de prueba' AUTO_INCREMENT=211 ;

--
-- Volcado de datos para la tabla `prueba`
--

INSERT INTO `prueba` (`id_prueba`, `date`) VALUES
(1, '2014-02-07 00:00:00'),
(2, '2014-02-07 00:00:00'),
(3, '2014-02-07 00:00:00'),
(4, '2014-02-07 08:32:15'),
(5, '2014-02-07 08:32:47'),
(6, '2014-02-07 08:33:43'),
(7, '2014-02-07 08:54:28'),
(8, '2014-02-07 08:56:43'),
(9, '2014-02-08 10:59:42'),
(10, '2014-02-08 11:04:39'),
(11, '2014-02-08 11:04:56'),
(12, '2014-02-08 12:42:08'),
(13, '2014-02-08 12:46:08'),
(14, '2014-02-08 12:49:06'),
(15, '2014-02-08 13:04:32'),
(16, '2014-02-08 13:07:01'),
(17, '2014-02-08 13:08:01'),
(18, '2014-02-08 13:09:01'),
(19, '2014-02-08 13:10:01'),
(20, '2014-02-08 13:11:01'),
(21, '2014-02-08 13:12:01'),
(22, '2014-02-08 13:13:01'),
(23, '2014-02-08 13:14:01'),
(24, '2014-02-08 13:15:01'),
(25, '2014-02-08 13:16:01'),
(26, '2014-02-08 13:17:01'),
(27, '2014-02-08 13:18:01'),
(28, '2014-02-08 13:19:01'),
(29, '2014-02-08 13:20:01'),
(30, '2014-02-08 13:21:01'),
(31, '2014-02-08 13:22:01'),
(32, '2014-02-08 13:23:01'),
(33, '2014-02-08 13:24:01'),
(34, '2014-02-08 13:25:02'),
(35, '2014-02-08 13:26:01'),
(36, '2014-02-08 13:27:01'),
(37, '2014-02-08 13:28:01'),
(38, '2014-02-08 13:29:01'),
(39, '2014-02-08 13:30:01'),
(40, '2014-02-08 13:31:01'),
(41, '2014-02-08 13:32:01'),
(42, '2014-02-08 13:33:01'),
(43, '2014-02-08 13:34:01'),
(44, '2014-02-08 13:35:01'),
(45, '2014-02-08 13:36:01'),
(46, '2014-02-08 13:37:01'),
(47, '2014-02-08 13:38:01'),
(48, '2014-02-08 13:39:01'),
(49, '2014-02-08 13:40:01'),
(50, '2014-02-08 13:41:01'),
(51, '2014-02-08 13:42:01'),
(52, '2014-02-08 13:43:01'),
(53, '2014-02-08 13:44:01'),
(54, '2014-02-08 13:45:01'),
(55, '2014-02-08 13:46:02'),
(56, '2014-02-08 13:47:01'),
(57, '2014-02-08 13:48:01'),
(58, '2014-02-08 13:49:01'),
(59, '2014-02-08 13:50:01'),
(60, '2014-02-08 13:51:01'),
(61, '2014-02-08 13:52:01'),
(62, '2014-02-08 13:53:01'),
(63, '2014-02-08 13:54:01'),
(64, '2014-02-08 13:55:01'),
(65, '2014-02-08 13:56:01'),
(66, '2014-02-08 13:57:01'),
(67, '2014-02-08 13:58:01'),
(68, '2014-02-08 13:59:01'),
(69, '2014-02-08 14:00:01'),
(70, '2014-02-08 14:01:01'),
(71, '2014-02-08 14:02:01'),
(72, '2014-02-08 14:03:01'),
(73, '2014-02-08 14:04:01'),
(74, '2014-02-08 14:05:01'),
(75, '2014-02-08 14:06:02'),
(76, '2014-02-08 14:07:01'),
(77, '2014-02-08 14:08:01'),
(78, '2014-02-08 14:09:01'),
(79, '2014-02-08 14:10:01'),
(80, '2014-02-08 14:11:01'),
(81, '2014-02-08 14:12:01'),
(82, '2014-02-08 14:13:01'),
(83, '2014-02-08 14:14:01'),
(84, '2014-02-08 14:15:01'),
(85, '2014-02-08 14:16:01'),
(86, '2014-02-08 14:17:01'),
(87, '2014-02-08 14:18:01'),
(88, '2014-02-08 14:19:01'),
(89, '2014-02-08 14:20:01'),
(90, '2014-02-08 14:21:01'),
(91, '2014-02-08 14:22:01'),
(92, '2014-02-08 14:23:01'),
(93, '2014-02-08 14:24:01'),
(94, '2014-02-08 14:25:02'),
(95, '2014-02-08 14:26:01'),
(96, '2014-02-08 14:27:01'),
(97, '2014-02-08 14:28:01'),
(98, '2014-02-08 14:29:01'),
(99, '2014-02-08 14:30:01'),
(100, '2014-02-08 14:31:01'),
(101, '2014-02-08 14:32:01'),
(102, '2014-02-08 14:33:01'),
(103, '2014-02-08 14:34:01'),
(104, '2014-02-08 14:35:01'),
(105, '2014-02-08 14:36:01'),
(106, '2014-02-08 14:37:01'),
(107, '2014-02-08 14:38:01'),
(108, '2014-02-08 14:39:01'),
(109, '2014-02-08 14:40:01'),
(110, '2014-02-08 14:41:01'),
(111, '2014-02-08 14:42:01'),
(112, '2014-02-08 14:43:01'),
(113, '2014-02-08 14:44:01'),
(114, '2014-02-08 14:45:01'),
(115, '2014-02-08 14:46:01'),
(116, '2014-02-08 14:47:01'),
(117, '2014-02-08 14:48:01'),
(118, '2014-02-08 14:49:01'),
(119, '2014-02-08 14:50:01'),
(120, '2014-02-08 14:51:01'),
(121, '2014-02-08 14:52:01'),
(122, '2014-02-08 14:53:01'),
(123, '2014-02-08 14:54:01'),
(124, '2014-02-08 14:55:01'),
(125, '2014-02-08 14:56:01'),
(126, '2014-02-08 14:57:01'),
(127, '2014-02-08 14:58:01'),
(128, '2014-02-08 14:59:01'),
(129, '2014-02-08 15:00:01'),
(130, '2014-02-08 15:01:01'),
(131, '2014-02-08 15:02:01'),
(132, '2014-02-08 15:03:01'),
(133, '2014-02-08 15:04:01'),
(134, '2014-02-08 15:05:01'),
(135, '2014-02-08 15:06:01'),
(136, '2014-02-08 15:07:01'),
(137, '2014-02-08 15:08:01'),
(138, '2014-02-08 15:09:01'),
(139, '2014-02-08 15:10:01'),
(140, '2014-02-08 15:11:01'),
(141, '2014-02-08 15:12:01'),
(142, '2014-02-08 15:13:01'),
(143, '2014-02-08 15:14:01'),
(144, '2014-02-08 15:15:01'),
(145, '2014-02-08 15:16:01'),
(146, '2014-02-08 15:17:01'),
(147, '2014-02-08 15:18:01'),
(148, '2014-02-08 15:19:01'),
(149, '2014-02-08 15:20:01'),
(150, '2014-02-08 15:21:01'),
(151, '2014-02-08 15:22:01'),
(152, '2014-02-08 15:23:01'),
(153, '2014-02-08 15:24:01'),
(154, '2014-02-08 15:25:02'),
(155, '2014-02-08 15:26:01'),
(156, '2014-02-08 15:27:01'),
(157, '2014-02-08 15:28:01'),
(158, '2014-02-08 15:29:01'),
(159, '2014-02-08 15:30:01'),
(160, '2014-02-08 15:31:01'),
(161, '2014-02-08 15:32:01'),
(162, '2014-02-08 15:33:01'),
(163, '2014-02-08 15:34:01'),
(164, '2014-02-08 15:35:01'),
(165, '2014-02-08 15:36:01'),
(166, '2014-02-08 15:37:01'),
(167, '2014-02-08 15:38:01'),
(168, '2014-02-08 15:39:01'),
(169, '2014-02-08 15:40:01'),
(170, '2014-02-08 15:41:01'),
(171, '2014-02-08 15:42:01'),
(172, '2014-02-08 15:43:01'),
(173, '2014-02-08 15:44:01'),
(174, '2014-02-08 15:45:01'),
(175, '2014-02-08 15:46:01'),
(176, '2014-02-08 15:47:01'),
(177, '2014-02-08 15:48:01'),
(178, '2014-02-08 15:49:01'),
(179, '2014-02-08 15:50:01'),
(180, '2014-02-08 15:51:01'),
(181, '2014-02-08 15:52:01'),
(182, '2014-02-08 15:53:01'),
(183, '2014-02-08 15:54:01'),
(184, '2014-02-08 15:55:01'),
(185, '2014-02-08 15:56:01'),
(186, '2014-02-08 15:57:01'),
(187, '2014-02-08 15:58:01'),
(188, '2014-02-08 15:59:01'),
(189, '2014-02-08 16:00:01'),
(190, '2014-02-08 16:01:01'),
(191, '2014-02-08 16:02:01'),
(192, '2014-02-08 16:03:01'),
(193, '2014-02-08 16:04:01'),
(194, '2014-02-08 16:05:01'),
(195, '2014-02-08 16:06:01'),
(196, '2014-02-08 16:07:01'),
(197, '2014-02-08 16:08:01'),
(198, '2014-02-08 16:09:01'),
(199, '2014-02-08 16:10:01'),
(200, '2014-02-08 16:11:01'),
(201, '2014-02-08 16:12:01'),
(202, '2014-02-08 16:13:01'),
(203, '2014-02-08 16:14:01'),
(204, '2014-02-08 16:15:01'),
(205, '2014-02-08 16:16:01'),
(206, '2014-02-08 16:17:01'),
(207, '2014-02-08 16:18:01'),
(208, '2014-02-08 16:19:01'),
(209, '2014-02-08 16:20:01'),
(210, '2014-02-08 16:21:01');

-- --------------------------------------------------------

--
-- Estructura de tabla para la tabla `relacion_pagos`
--

CREATE TABLE IF NOT EXISTS `relacion_pagos` (
  `id_relacion_pagos` int(11) NOT NULL AUTO_INCREMENT,
  `monto` int(11) NOT NULL,
  `id_tipo_jugada` int(11) NOT NULL,
  `status` int(11) NOT NULL COMMENT '0=Inactivo, 1=Activo',
  PRIMARY KEY (`id_relacion_pagos`),
  KEY `id_tipo_jugada` (`id_tipo_jugada`)
) ENGINE=InnoDB  DEFAULT CHARSET=utf8 COLLATE=utf8_unicode_ci AUTO_INCREMENT=6 ;

--
-- Volcado de datos para la tabla `relacion_pagos`
--

INSERT INTO `relacion_pagos` (`id_relacion_pagos`, `monto`, `id_tipo_jugada`, `status`) VALUES
(1, 800, 1, 1),
(2, 50, 2, 1),
(3, 6000, 3, 1),
(4, 120, 4, 1),
(5, 30, 5, 1);

-- --------------------------------------------------------

--
-- Estructura de tabla para la tabla `resultados`
--

CREATE TABLE IF NOT EXISTS `resultados` (
  `id_resultados` int(11) NOT NULL AUTO_INCREMENT,
  `id_sorteo` int(11) NOT NULL,
  `zodiacal` int(11) NOT NULL,
  `numero` varchar(3) COLLATE utf8_unicode_ci NOT NULL,
  `fecha_hora` date NOT NULL,
  `bajado` int(11) NOT NULL DEFAULT '0',
  PRIMARY KEY (`id_resultados`),
  KEY `id_sorteo` (`id_sorteo`),
  KEY `zodiacal` (`zodiacal`)
) ENGINE=InnoDB  DEFAULT CHARSET=utf8 COLLATE=utf8_unicode_ci AUTO_INCREMENT=34 ;

--
-- Volcado de datos para la tabla `resultados`
--

INSERT INTO `resultados` (`id_resultados`, `id_sorteo`, `zodiacal`, `numero`, `fecha_hora`, `bajado`) VALUES
(1, 4, 0, '833', '2014-02-08', 1),
(2, 5, 0, '25', '2014-02-08', 1),
(3, 6, 0, '554', '2014-02-08', 1),
(4, 7, 10, '554', '2014-02-08', 1),
(5, 11, 0, '905', '2014-02-08', 1),
(6, 12, 0, '63', '2014-02-08', 1),
(7, 13, 0, '663', '2014-02-08', 1),
(8, 8, 0, '798', '2014-02-08', 1),
(9, 9, 0, '502', '2014-02-08', 1),
(10, 26, 0, '512', '2014-02-08', 1),
(11, 27, 0, '324', '2014-02-08', 1),
(12, 28, 0, '440', '2014-02-08', 1),
(13, 34, 0, '34', '2014-02-08', 1),
(14, 35, 0, '230', '2014-02-08', 1),
(15, 41, 0, '947', '2014-02-08', 1),
(16, 42, 0, '859', '2014-02-08', 1),
(17, 43, 0, '202', '2014-02-08', 1),
(18, 51, 0, '476', '2014-02-08', 1),
(19, 52, 0, '754', '2014-02-08', 1),
(20, 53, 0, '284', '2014-02-08', 1),
(21, 48, 0, '140', '2014-02-08', 1),
(22, 49, 0, '147', '2014-02-08', 1),
(23, 63, 0, '257', '2014-02-08', 1),
(24, 64, 0, '30', '2014-02-08', 1),
(25, 65, 0, '165', '2014-02-08', 1),
(26, 14, 3, '663', '2014-02-08', 1),
(27, 10, 10, '406', '2014-02-08', 1),
(28, 29, 12, '440', '2014-02-08', 1),
(29, 36, 4, '92', '2014-02-08', 1),
(30, 44, 6, '202', '2014-02-08', 1),
(31, 54, 9, '284', '2014-02-08', 1),
(32, 50, 6, '790', '2014-02-08', 1),
(33, 66, 3, '165', '2014-02-08', 1);

-- --------------------------------------------------------

--
-- Estructura de tabla para la tabla `sorteos`
--

CREATE TABLE IF NOT EXISTS `sorteos` (
  `id_sorteo` int(11) NOT NULL AUTO_INCREMENT,
  `id_loteria` int(11) NOT NULL DEFAULT '0',
  `nombre_sorteo` varchar(25) COLLATE utf8_unicode_ci NOT NULL,
  `hora_sorteo` time NOT NULL,
  `id_turno` int(1) NOT NULL,
  `zodiacal` int(11) NOT NULL,
  `tradicional` int(1) NOT NULL COMMENT '0=No Tradicional, 1= Si Tradicional',
  `status` int(11) NOT NULL COMMENT '0=Inactivo, 1=Activo',
  UNIQUE KEY `id_sorrteo` (`id_sorteo`),
  KEY `FK_zodiacal` (`zodiacal`),
  KEY `FK_id_loteria` (`id_loteria`),
  KEY `turno_fk` (`id_turno`)
) ENGINE=InnoDB  DEFAULT CHARSET=utf8 COLLATE=utf8_unicode_ci AUTO_INCREMENT=103 ;

--
-- Volcado de datos para la tabla `sorteos`
--

INSERT INTO `sorteos` (`id_sorteo`, `id_loteria`, `nombre_sorteo`, `hora_sorteo`, `id_turno`, `zodiacal`, `tradicional`, `status`) VALUES
(1, 1, 'ZAMORANO A 12PM', '12:00:00', 1, 0, 0, 0),
(2, 1, 'ZAMORANO C 12PM', '12:00:00', 1, 0, 0, 0),
(3, 1, 'ASTRO ZAMORANO 12PM', '12:00:00', 1, 1, 0, 0),
(4, 2, 'TACHIRA A 12PM', '12:00:00', 1, 0, 1, 1),
(5, 2, 'TACHIRA B 12PM', '12:00:00', 1, 0, 1, 1),
(6, 2, 'TACHIRA C 12PM', '12:00:00', 1, 0, 0, 1),
(7, 2, 'SIGNO TACHIRA 12PM', '12:00:00', 1, 1, 0, 1),
(8, 3, 'ZODIACAL A 12:45PM', '12:45:00', 1, 0, 1, 1),
(9, 3, 'ZODIACAL B 12:45PM', '12:45:00', 1, 0, 1, 1),
(10, 3, 'ZODIACAL SIGNO 12:45PM', '12:45:00', 1, 1, 0, 1),
(11, 4, 'LEON A 12:30PM', '12:30:00', 1, 0, 1, 1),
(12, 4, 'LEON B 12:30PM', '12:30:00', 1, 0, 1, 1),
(13, 4, 'LEON C 12:30PM', '12:30:00', 1, 0, 0, 1),
(14, 4, 'TRIPLETON 12:30PM', '12:30:00', 1, 1, 0, 1),
(15, 6, 'ZULIA A 12:45PM', '12:45:00', 1, 0, 1, 1),
(16, 6, 'ZULIA B 12:45PM', '12:45:00', 1, 0, 1, 1),
(17, 6, 'ZULIA C 12:45PM', '12:45:00', 1, 0, 0, 1),
(18, 6, 'ZODIACO DEL ZULIA 12:45PM', '12:45:00', 1, 1, 0, 1),
(19, 5, 'CHANCE A 1PM', '13:00:00', 1, 0, 1, 1),
(20, 5, 'CHANCE B 1PM', '13:00:00', 1, 0, 1, 1),
(21, 5, 'CHANCE C 1PM', '13:00:00', 1, 0, 0, 1),
(22, 5, 'ASTRAL 1PM', '13:00:00', 1, 1, 0, 1),
(23, 1, 'ZAMORANO A 4PM', '16:00:00', 2, 0, 0, 0),
(24, 1, 'ZAMORANO C 4PM', '16:00:00', 2, 0, 0, 0),
(25, 1, 'ASTRO ZAMORANO 4PM', '16:00:00', 2, 1, 0, 0),
(26, 4, 'LEON A 4:30PM', '16:30:00', 2, 0, 1, 1),
(27, 4, 'LEON B 4:30PM', '16:30:00', 2, 0, 1, 1),
(28, 4, 'LEON C 4:30PM', '16:30:00', 2, 0, 0, 1),
(29, 4, 'TRIPLETON 4:30PM', '16:30:00', 2, 1, 0, 1),
(30, 5, 'CHANCE A 4:30PM', '16:30:00', 2, 0, 1, 1),
(31, 5, 'CHANCE B 4:30PM', '16:30:00', 2, 0, 1, 1),
(32, 5, 'CHANCE C 4:30PM', '16:30:00', 2, 0, 0, 1),
(33, 5, 'ASTRAL 4:30PM', '16:30:00', 2, 1, 0, 1),
(34, 3, 'ZODIACAL A 4:45PM', '16:45:00', 2, 0, 1, 1),
(35, 3, 'ZODIACAL B 4:45PM', '16:45:00', 2, 0, 1, 1),
(36, 3, 'ZODIACAL SIGNO 4:45PM', '16:45:00', 2, 1, 0, 1),
(37, 6, 'ZULIA A 4:45PM', '16:45:00', 2, 0, 1, 1),
(38, 6, 'ZULIA B 4:45PM', '16:45:00', 2, 0, 1, 1),
(39, 6, 'ZULIA C 4:45PM', '16:45:00', 2, 0, 0, 1),
(40, 6, 'ZODIACO DEL ZULIA 4:45PM', '16:45:00', 2, 1, 0, 1),
(41, 2, 'TACHIRA A 5PM', '17:00:00', 2, 0, 1, 1),
(42, 2, 'TACHIRA B 5PM', '17:00:00', 2, 0, 1, 1),
(43, 2, 'TACHIRA C 5PM', '17:00:00', 2, 0, 0, 1),
(44, 2, 'SIGNO TACHIRA 5PM', '17:00:00', 2, 1, 0, 1),
(45, 1, 'ZAMORANO A 7PM', '19:00:00', 3, 0, 0, 0),
(46, 1, 'ZAMORANO C 7PM', '19:00:00', 3, 0, 0, 0),
(47, 1, 'ASTRO ZAMORANO 7PM', '19:00:00', 3, 1, 0, 0),
(48, 3, 'ZODIACAL A 7:45PM', '19:45:00', 3, 0, 1, 1),
(49, 3, 'ZODIACAL B 7:45PM', '19:45:00', 3, 0, 1, 1),
(50, 3, 'ZODIACAL SIGNO 7:45PM', '19:45:00', 3, 1, 0, 1),
(51, 4, 'LEON A 7:30PM', '19:30:00', 3, 0, 1, 1),
(52, 4, 'LEON B 7:30PM', '19:30:00', 3, 0, 1, 1),
(53, 4, 'LEON C 7:30PM', '19:30:00', 3, 0, 0, 1),
(54, 4, 'TRIPLETON 7:30PM', '19:30:00', 3, 1, 0, 1),
(55, 6, 'ZULIA A 7:45PM', '19:45:00', 3, 0, 1, 1),
(56, 6, 'ZULIA B 7:45PM', '19:45:00', 3, 0, 1, 1),
(57, 6, 'ZULIA C 7:45PM', '19:45:00', 3, 0, 0, 1),
(58, 6, 'ZODIACO DEL ZULIA 19:45PM', '19:45:00', 3, 1, 0, 1),
(59, 5, 'CHANCE A 8PM', '20:00:00', 3, 0, 1, 1),
(60, 5, 'CHANCE B 8PM', '20:00:00', 3, 0, 1, 1),
(61, 5, 'CHANCE C 8PM', '20:00:00', 3, 0, 0, 1),
(62, 5, 'ASTRAL 8PM', '20:00:00', 3, 1, 0, 1),
(63, 2, 'TACHIRA A 9PM', '21:00:00', 3, 0, 1, 1),
(64, 2, 'TACHIRA B 9PM', '21:00:00', 3, 0, 1, 1),
(65, 2, 'TACHIRA C 9PM', '21:00:00', 3, 0, 0, 1),
(66, 2, 'SIGNO TACHIRA 9PM', '21:00:00', 3, 1, 0, 1),
(67, 7, 'TRIPLEMANIA A 1PM', '13:00:00', 1, 0, 0, 1),
(68, 7, 'TRIPLEMANIA B 1PM', '13:00:00', 1, 0, 0, 1),
(69, 7, 'TRIPLEMANIA C 1PM', '13:00:00', 1, 0, 0, 1),
(70, 7, 'MANIA ZODIACAL 1PM', '13:00:00', 1, 1, 0, 1),
(71, 7, 'TRIPLEMANIA A 4:30PM', '16:30:00', 2, 0, 0, 1),
(72, 7, 'TRIPLEMANIA B 4:30PM', '16:30:00', 2, 0, 0, 1),
(73, 7, 'TRIPLEMANIA C 4:30PM', '16:30:00', 2, 0, 0, 1),
(74, 7, 'MANIA ZODIACAL 4:30PM', '16:30:00', 2, 1, 0, 1),
(75, 7, 'TRIPLEMANIA A 7:45PM', '19:45:00', 3, 0, 0, 1),
(76, 7, 'TRIPLEMANIA B 7:45PM', '19:45:00', 3, 0, 0, 1),
(77, 7, 'TRIPLEMANIA C 7:45PM', '19:45:00', 3, 0, 0, 1),
(78, 7, 'MANIA ZODIACAL 7:45PM', '19:45:00', 3, 1, 0, 1),
(79, 8, 'MULTITRIPLE A 12:40PM', '12:40:00', 1, 0, 0, 1),
(80, 8, 'MULTITRIPLE B 12:40PM', '12:40:00', 1, 0, 0, 1),
(81, 8, 'MULTITRIPLE C 12:40PM', '12:40:00', 1, 0, 0, 1),
(82, 8, 'MULTITRIPLE A 4:40PM', '16:40:00', 2, 0, 0, 1),
(83, 8, 'MULTITRIPLE B 4:40PM', '16:40:00', 2, 0, 0, 1),
(84, 8, 'MULTITRIPLE C 4:40PM', '16:40:00', 2, 0, 0, 1),
(85, 8, 'MULTISIGNO 12:40PM', '12:40:00', 1, 1, 0, 1),
(86, 8, 'MULTISIGNO 4:40PM', '16:40:00', 2, 1, 1, 1),
(87, 8, 'MULTITRIPLE A 7:40PM', '19:40:00', 3, 0, 0, 1),
(88, 8, 'MULTITRIPLE B 7:40PM', '19:40:00', 3, 0, 0, 1),
(89, 8, 'MULTITRIPLE C 7:40PM', '19:40:00', 3, 0, 0, 1),
(90, 8, 'MULTISIGNO 7:40PM', '19:40:00', 3, 1, 0, 1),
(91, 9, 'TRILLONARIO A 1:10PM', '13:10:00', 1, 0, 0, 1),
(92, 9, 'TRILLONARIO B 1:10PM', '13:10:00', 1, 0, 0, 1),
(93, 9, 'TRILLONARIO C 1:10PM', '13:10:00', 1, 0, 0, 1),
(94, 9, 'TRILLON ZODIACAL 1:10PM', '13:10:00', 1, 1, 0, 1),
(95, 9, 'TRILLONARIO A 4:40PM', '16:40:00', 2, 0, 0, 1),
(96, 9, 'TRILLONARIO B 4:40PM', '16:40:00', 2, 0, 0, 1),
(97, 9, 'TRILLONARIO C 4:40PM', '16:40:00', 2, 0, 0, 1),
(98, 9, 'TRILLON ZODIACAL 4:40PM', '16:40:00', 2, 1, 0, 1),
(99, 9, 'TRILLONARIO A 7:35PM', '19:35:00', 3, 0, 0, 1),
(100, 9, 'TRILLONARIO B 7:35PM', '19:35:00', 3, 0, 0, 1),
(101, 9, 'TRILLONARIO C 7:35PM', '19:35:00', 3, 0, 0, 1),
(102, 9, 'TRILLON ZODIACAL 7:35PM', '19:35:00', 3, 1, 0, 1);

-- --------------------------------------------------------

--
-- Estructura de tabla para la tabla `status`
--

CREATE TABLE IF NOT EXISTS `status` (
  `id_status` int(11) NOT NULL,
  `status_nombre` varchar(15) COLLATE utf8_spanish_ci NOT NULL,
  PRIMARY KEY (`id_status`)
) ENGINE=InnoDB DEFAULT CHARSET=utf8 COLLATE=utf8_spanish_ci;

--
-- Volcado de datos para la tabla `status`
--

INSERT INTO `status` (`id_status`, `status_nombre`) VALUES
(0, 'Inactivo'),
(1, 'Activo'),
(2, 'Modificado');

-- --------------------------------------------------------

--
-- Estructura de tabla para la tabla `taquillas`
--

CREATE TABLE IF NOT EXISTS `taquillas` (
  `id_taquilla` int(11) NOT NULL AUTO_INCREMENT,
  `numero_taquilla` varchar(11) COLLATE utf8_unicode_ci NOT NULL,
  `status` int(11) NOT NULL COMMENT ' 0=Inactivo, 1=Activo',
  PRIMARY KEY (`id_taquilla`)
) ENGINE=InnoDB  DEFAULT CHARSET=utf8 COLLATE=utf8_unicode_ci AUTO_INCREMENT=5 ;

--
-- Volcado de datos para la tabla `taquillas`
--

INSERT INTO `taquillas` (`id_taquilla`, `numero_taquilla`, `status`) VALUES
(1, '01', 1),
(2, '02', 1),
(3, '03', 1),
(4, '04', 1);

-- --------------------------------------------------------

--
-- Estructura de tabla para la tabla `ticket`
--

CREATE TABLE IF NOT EXISTS `ticket` (
  `id_ticket` varchar(15) COLLATE utf8_unicode_ci NOT NULL,
  `serial` varchar(11) COLLATE utf8_unicode_ci NOT NULL,
  `fecha_hora` datetime NOT NULL,
  `taquilla` int(11) NOT NULL,
  `total_ticket` decimal(10,2) NOT NULL,
  `id_usuario` int(11) NOT NULL,
  `premiado` int(11) NOT NULL,
  `pagado` int(11) NOT NULL,
  `total_premiado` int(11) NOT NULL,
  `status` int(11) NOT NULL DEFAULT '1' COMMENT '0=Inactivo, 1=Activo',
  `fecha_hora_anulacion` datetime NOT NULL,
  `taquilla_anulacion` int(11) NOT NULL,
  `subido` int(11) NOT NULL DEFAULT '0',
  `verificado` int(11) NOT NULL DEFAULT '0',
  `impreso` int(11) NOT NULL DEFAULT '0' COMMENT '0= No Impreso, 1= Impreso, 2=Reimpreso',
  PRIMARY KEY (`id_ticket`)
) ENGINE=InnoDB DEFAULT CHARSET=utf8 COLLATE=utf8_unicode_ci COMMENT='ticket';

--
-- Volcado de datos para la tabla `ticket`
--

INSERT INTO `ticket` (`id_ticket`, `serial`, `fecha_hora`, `taquilla`, `total_ticket`, `id_usuario`, `premiado`, `pagado`, `total_premiado`, `status`, `fecha_hora_anulacion`, `taquilla_anulacion`, `subido`, `verificado`, `impreso`) VALUES
('14020813234811', '5793411455', '2014-02-08 13:23:48', 1, 40.00, 1, 0, 0, 0, 1, '0000-00-00 00:00:00', 0, 0, 1, 0),
('14020816280011', '5576091422', '2014-02-08 16:28:00', 1, 44.00, 6, 0, 0, 0, 1, '0000-00-00 00:00:00', 0, 0, 0, 0),
('14020816281911', '6561258691', '2014-02-08 16:28:19', 1, 44.00, 6, 0, 0, 0, 1, '0000-00-00 00:00:00', 0, 0, 0, 0),
('14020816543911', '1749019929', '2014-02-08 16:54:39', 1, 4.00, 6, 0, 0, 0, 1, '0000-00-00 00:00:00', 0, 0, 0, 1),
('14020816580511', '4447299978', '2014-02-08 16:58:05', 1, 8.00, 6, 0, 0, 0, 1, '0000-00-00 00:00:00', 0, 0, 0, 1),
('14021009230411', '2017427957', '2014-02-10 09:23:04', 1, 20.00, 6, 0, 0, 0, 1, '0000-00-00 00:00:00', 0, 0, 0, 1),
('14021009500411', '0886589935', '2014-02-10 09:50:04', 1, 12.00, 6, 0, 0, 0, 1, '0000-00-00 00:00:00', 0, 0, 0, 1),
('14021009565711', '2836964657', '2014-02-10 09:56:57', 1, 32.00, 6, 0, 0, 0, 1, '0000-00-00 00:00:00', 0, 0, 0, 1),
('14021010053911', '5225263320', '2014-02-10 10:05:39', 1, 32.00, 6, 0, 0, 0, 1, '0000-00-00 00:00:00', 0, 0, 0, 1),
('14021109073411', '5862887767', '2014-02-11 09:07:34', 1, 26.00, 6, 0, 0, 0, 1, '0000-00-00 00:00:00', 0, 0, 0, 1),
('14021109142411', '2855638821', '2014-02-11 09:14:24', 1, 81.00, 6, 0, 0, 0, 1, '0000-00-00 00:00:00', 0, 0, 0, 1),
('14021109240111', '7021989670', '2014-02-11 09:24:01', 1, 28.00, 6, 0, 0, 0, 1, '0000-00-00 00:00:00', 0, 0, 0, 1),
('14021109255913', '3035244364', '2014-02-11 09:25:59', 3, 40.00, 4, 0, 0, 0, 1, '0000-00-00 00:00:00', 0, 0, 0, 0),
('14021109263313', '4948917252', '2014-02-11 09:26:33', 3, 60.00, 4, 0, 0, 0, 1, '0000-00-00 00:00:00', 0, 0, 0, 2),
('14021110261311', '2856105675', '2014-02-11 10:26:13', 1, 60.00, 6, 0, 0, 0, 1, '0000-00-00 00:00:00', 0, 0, 0, 1),
('14021110281911', '8218754755', '2014-02-11 10:28:19', 1, 40.00, 6, 0, 0, 0, 1, '0000-00-00 00:00:00', 0, 0, 0, 2),
('14021110302811', '3144785855', '2014-02-11 10:30:28', 1, 30.00, 6, 0, 0, 0, 1, '0000-00-00 00:00:00', 0, 0, 0, 1),
('14021110315211', '0450495968', '2014-02-11 10:31:52', 1, 0.20, 6, 0, 0, 0, 1, '0000-00-00 00:00:00', 0, 0, 0, 2),
('14021110373611', '5616450136', '2014-02-11 10:37:36', 1, 0.40, 6, 0, 0, 0, 1, '0000-00-00 00:00:00', 0, 0, 0, 2),
('14021110402811', '7841185877', '2014-02-11 10:40:28', 1, 24.00, 6, 0, 0, 0, 1, '0000-00-00 00:00:00', 0, 0, 0, 1),
('14021110425112', '0485973144', '2014-02-11 10:42:51', 2, 2.00, 1, 0, 0, 0, 1, '0000-00-00 00:00:00', 0, 0, 0, 2),
('14021110493512', '9485900352', '2014-02-11 10:49:35', 2, 30.00, 1, 0, 0, 0, 1, '0000-00-00 00:00:00', 0, 0, 0, 1),
('14021110500312', '6206298674', '2014-02-11 10:50:03', 2, 20.00, 1, 0, 0, 0, 1, '0000-00-00 00:00:00', 0, 0, 0, 1),
('14021110584712', '7890596549', '2014-02-11 10:58:47', 2, 10.00, 1, 0, 0, 0, 1, '0000-00-00 00:00:00', 0, 0, 0, 2),
('14021111250311', '5117105303', '2014-02-11 11:25:03', 1, 20.00, 1, 0, 0, 0, 1, '0000-00-00 00:00:00', 0, 0, 0, 0),
('14021111251311', '0521509112', '2014-02-11 11:25:13', 1, 20.00, 1, 0, 0, 0, 1, '0000-00-00 00:00:00', 0, 0, 0, 0),
('14021111252811', '7345605171', '2014-02-11 11:25:28', 1, 20.00, 1, 0, 0, 0, 1, '0000-00-00 00:00:00', 0, 0, 0, 1),
('14021111432912', '6208282521', '2014-02-11 11:43:29', 2, 0.40, 1, 0, 0, 0, 1, '0000-00-00 00:00:00', 0, 0, 0, 1),
('14021111575011', '4566563561', '2014-02-11 11:57:50', 1, 0.20, 1, 0, 0, 0, 1, '0000-00-00 00:00:00', 0, 0, 0, 1),
('14021112005911', '2012038743', '2014-02-11 12:00:59', 1, 0.20, 1, 0, 0, 0, 1, '0000-00-00 00:00:00', 0, 0, 0, 2),
('14021112210811', '4796199588', '2014-02-11 12:21:08', 1, 0.20, 1, 0, 0, 0, 1, '0000-00-00 00:00:00', 0, 0, 0, 1),
('14021112250412', '1027500218', '2014-02-11 12:25:04', 2, 0.40, 1, 0, 0, 0, 1, '0000-00-00 00:00:00', 0, 0, 0, 1),
('14021112254111', '9116612837', '2014-02-11 12:25:41', 1, 1.00, 1, 0, 0, 0, 1, '0000-00-00 00:00:00', 0, 0, 0, 1),
('14021112270111', '8820181898', '2014-02-11 12:27:01', 1, 0.20, 1, 0, 0, 0, 1, '0000-00-00 00:00:00', 0, 0, 0, 1),
('14021112285211', '2530786129', '2014-02-11 12:28:52', 1, 0.40, 1, 0, 0, 0, 1, '0000-00-00 00:00:00', 0, 0, 0, 1),
('14021112294111', '4638876904', '2014-02-11 12:29:41', 1, 1.00, 1, 0, 0, 0, 1, '0000-00-00 00:00:00', 0, 0, 0, 1),
('14021112302511', '1243643536', '2014-02-11 12:30:25', 1, 0.40, 1, 0, 0, 0, 1, '0000-00-00 00:00:00', 0, 0, 0, 1),
('14021112451012', '0528886454', '2014-02-11 12:45:10', 2, 0.20, 5, 0, 0, 0, 1, '0000-00-00 00:00:00', 0, 0, 0, 1),
('14021112491313', '3546121435', '2014-02-11 12:49:13', 3, 66.00, 4, 0, 0, 0, 1, '0000-00-00 00:00:00', 0, 0, 0, 1),
('14021112505312', '5238253324', '2014-02-11 12:50:53', 2, 60.00, 5, 0, 0, 0, 1, '0000-00-00 00:00:00', 0, 0, 0, 1),
('14021112512511', '9200732841', '2014-02-11 12:51:25', 1, 225.00, 6, 0, 0, 0, 1, '0000-00-00 00:00:00', 0, 0, 0, 1),
('14021112520612', '6252662182', '2014-02-11 12:52:06', 2, 60.00, 5, 0, 0, 0, 1, '0000-00-00 00:00:00', 0, 0, 0, 1),
('14021112525513', '7773935083', '2014-02-11 12:52:55', 3, 40.00, 4, 0, 0, 0, 1, '0000-00-00 00:00:00', 0, 0, 0, 1),
('14021113001612', '5660154009', '2014-02-11 13:00:16', 2, 60.00, 5, 0, 0, 0, 1, '0000-00-00 00:00:00', 0, 0, 0, 1),
('14021113064111', '8961442316', '2014-02-11 13:06:41', 1, 600.00, 6, 0, 0, 0, 1, '0000-00-00 00:00:00', 0, 0, 0, 1),
('14021113065512', '7068402253', '2014-02-11 13:06:55', 2, 75.00, 5, 0, 0, 0, 1, '0000-00-00 00:00:00', 0, 0, 0, 1),
('14021113101513', '7075445583', '2014-02-11 13:10:15', 3, 850.00, 4, 0, 0, 0, 0, '2014-02-11 13:49:40', 3, 0, 0, 1),
('14021113161911', '3242217747', '2014-02-11 13:16:19', 1, 1156.00, 6, 0, 0, 0, 1, '0000-00-00 00:00:00', 0, 0, 0, 1),
('14021113170412', '6722200926', '2014-02-11 13:17:04', 2, 240.00, 5, 0, 0, 0, 0, '2014-02-11 13:50:33', 2, 0, 0, 1),
('14021113225712', '6962708498', '2014-02-11 13:22:57', 2, 48.00, 5, 0, 0, 0, 0, '2014-02-11 13:24:47', 2, 0, 0, 1),
('14021113300712', '9666390057', '2014-02-11 13:30:07', 2, 252.00, 5, 0, 0, 0, 1, '0000-00-00 00:00:00', 0, 0, 0, 1),
('14021113440111', '0036874775', '2014-02-11 13:44:01', 1, 20.00, 6, 0, 0, 0, 0, '2014-02-11 13:45:44', 1, 0, 0, 1),
('14021113473412', '1947457084', '2014-02-11 13:47:34', 2, 4.00, 5, 0, 0, 0, 0, '2014-02-11 13:48:12', 2, 0, 0, 1),
('14021113475113', '9179824331', '2014-02-11 13:47:51', 3, 40.00, 4, 0, 0, 0, 1, '0000-00-00 00:00:00', 0, 0, 0, 1),
('14021113504311', '4161436552', '2014-02-11 13:50:43', 1, 48.00, 6, 0, 0, 0, 1, '0000-00-00 00:00:00', 0, 0, 0, 1),
('14021114070613', '8498161307', '2014-02-11 14:07:06', 3, 22.00, 4, 0, 0, 0, 1, '0000-00-00 00:00:00', 0, 0, 0, 1),
('14021114141513', '7025221099', '2014-02-11 14:14:15', 3, 25.00, 4, 0, 0, 0, 1, '0000-00-00 00:00:00', 0, 0, 0, 1),
('14021114154411', '3105141863', '2014-02-11 14:15:44', 1, 30.00, 6, 0, 0, 0, 1, '0000-00-00 00:00:00', 0, 0, 0, 1),
('14021114275913', '7521573998', '2014-02-11 14:27:59', 3, 6.00, 4, 0, 0, 0, 1, '0000-00-00 00:00:00', 0, 0, 0, 1),
('14021114295712', '4718387171', '2014-02-11 14:29:57', 2, 62.00, 5, 0, 0, 0, 1, '0000-00-00 00:00:00', 0, 0, 0, 1),
('14021114295713', '2283439341', '2014-02-11 14:29:57', 3, 51.00, 4, 0, 0, 0, 1, '0000-00-00 00:00:00', 0, 0, 0, 1),
('14021114331111', '0237314832', '2014-02-11 14:33:11', 1, 2.50, 6, 0, 0, 0, 1, '0000-00-00 00:00:00', 0, 0, 0, 2),
('14021115553814', '7653605643', '2014-02-11 15:55:38', 4, 100.00, 1, 0, 0, 0, 1, '0000-00-00 00:00:00', 0, 0, 0, 0);

-- --------------------------------------------------------

--
-- Estructura de tabla para la tabla `ticket_transaccional`
--

CREATE TABLE IF NOT EXISTS `ticket_transaccional` (
  `id_ticket_transaccional` int(11) NOT NULL AUTO_INCREMENT,
  `numero` varchar(10) COLLATE utf8_unicode_ci NOT NULL,
  `id_sorteo` int(11) NOT NULL,
  `id_zodiacal` int(11) NOT NULL,
  `id_tipo_jugada` int(11) NOT NULL,
  `monto_faltante` decimal(10,2) NOT NULL,
  `incompleto` int(11) NOT NULL COMMENT '0=completo, 1=Incompleto, 2=Agotado',
  `monto` decimal(10,2) NOT NULL,
  `id_taquilla` int(11) NOT NULL,
  PRIMARY KEY (`id_ticket_transaccional`),
  KEY `id_taquilla` (`id_taquilla`),
  KEY `id_zodiacal` (`id_zodiacal`),
  KEY `id_sorteo` (`id_sorteo`),
  KEY `id_tipo_jugada` (`id_tipo_jugada`)
) ENGINE=InnoDB DEFAULT CHARSET=utf8 COLLATE=utf8_unicode_ci COMMENT='Ticket Transaccional' AUTO_INCREMENT=1 ;

-- --------------------------------------------------------

--
-- Estructura de tabla para la tabla `tipo_jugadas`
--

CREATE TABLE IF NOT EXISTS `tipo_jugadas` (
  `id_tipo_jugada` int(11) NOT NULL AUTO_INCREMENT,
  `nombre_jugada` varchar(30) COLLATE utf8_unicode_ci NOT NULL,
  `zodiacal` int(11) NOT NULL COMMENT ' 0=No es Zodiacal, 1=Si es Zodiacal',
  `triple` int(11) NOT NULL COMMENT ' 0=es Terminal, 1=es Triple, 2= aproximacion',
  `status` int(11) NOT NULL COMMENT '0=Inactivo, 1=Activo',
  PRIMARY KEY (`id_tipo_jugada`)
) ENGINE=InnoDB  DEFAULT CHARSET=utf8 COLLATE=utf8_unicode_ci AUTO_INCREMENT=6 ;

--
-- Volcado de datos para la tabla `tipo_jugadas`
--

INSERT INTO `tipo_jugadas` (`id_tipo_jugada`, `nombre_jugada`, `zodiacal`, `triple`, `status`) VALUES
(1, 'Triple', 0, 1, 1),
(2, 'Terminal', 0, 0, 1),
(3, 'Tripletazo', 1, 1, 1),
(4, 'Terminalazo', 1, 0, 1),
(5, 'Aproximacion', 0, 2, 1);

-- --------------------------------------------------------

--
-- Estructura de tabla para la tabla `turno`
--

CREATE TABLE IF NOT EXISTS `turno` (
  `id_turno` int(1) NOT NULL,
  `nom_turno` varchar(6) COLLATE utf8_unicode_ci NOT NULL,
  `pre_turno` enum('M','T','N') COLLATE utf8_unicode_ci NOT NULL,
  PRIMARY KEY (`id_turno`)
) ENGINE=InnoDB DEFAULT CHARSET=utf8 COLLATE=utf8_unicode_ci COMMENT='Turneo de los Sorteos';

--
-- Volcado de datos para la tabla `turno`
--

INSERT INTO `turno` (`id_turno`, `nom_turno`, `pre_turno`) VALUES
(1, 'Manana', 'M'),
(2, 'Tarde', 'T'),
(3, 'Noche', 'N');

-- --------------------------------------------------------

--
-- Estructura de tabla para la tabla `usuario`
--

CREATE TABLE IF NOT EXISTS `usuario` (
  `id_usuario` int(10) NOT NULL AUTO_INCREMENT,
  `id_perfil` int(10) DEFAULT NULL,
  `nombre_usuario` varchar(80) DEFAULT NULL,
  `email_usuario` varchar(100) DEFAULT NULL,
  `login_usuario` varchar(10) DEFAULT NULL,
  `clave_usuario` varchar(10) DEFAULT NULL,
  `id_status_usuario` int(11) DEFAULT NULL COMMENT '0=Inactivo, 1=Activo',
  PRIMARY KEY (`id_usuario`),
  KEY `FK_id_perfil` (`id_perfil`)
) ENGINE=InnoDB  DEFAULT CHARSET=latin1 AUTO_INCREMENT=7 ;

--
-- Volcado de datos para la tabla `usuario`
--

INSERT INTO `usuario` (`id_usuario`, `id_perfil`, `nombre_usuario`, `email_usuario`, `login_usuario`, `clave_usuario`, `id_status_usuario`) VALUES
(1, 1, 'Gerzahim Salas', 'rasce88@gmail.com', 'admin', 'admin1', 1),
(3, 4, 'Yumijaika Oduber', 'rasce88@gmail.com', 'yumi', '1234', 1),
(4, 4, 'Yiserly Fagundez', 'yiserly_17@hotmail.com', 'yiserly', '1234', 1),
(5, 4, 'Jasmin Burgo', 'jasmin_burgo@hotmail.com', 'jasmin', '1234', 1),
(6, 4, 'Daryeli Barrios', 'daryeli_barrios@hotmail.com', 'daryeli', '1234', 1);

-- --------------------------------------------------------

--
-- Estructura de tabla para la tabla `usuarios_taquillas`
--

CREATE TABLE IF NOT EXISTS `usuarios_taquillas` (
  `id_usuario_taquilla` int(11) NOT NULL AUTO_INCREMENT,
  `id_usuario` int(11) NOT NULL,
  `id_taquilla` int(11) NOT NULL,
  `time_ping` datetime DEFAULT NULL,
  PRIMARY KEY (`id_usuario_taquilla`),
  KEY `id_taquilla` (`id_taquilla`)
) ENGINE=InnoDB  DEFAULT CHARSET=utf8 COLLATE=utf8_unicode_ci AUTO_INCREMENT=28 ;

--
-- Volcado de datos para la tabla `usuarios_taquillas`
--

INSERT INTO `usuarios_taquillas` (`id_usuario_taquilla`, `id_usuario`, `id_taquilla`, `time_ping`) VALUES
(24, 1, 4, '2014-02-11 17:05:15'),
(25, 4, 3, '2014-02-11 19:19:58'),
(26, 6, 1, '2014-02-11 19:16:15'),
(27, 5, 2, '2014-02-12 10:27:34');

-- --------------------------------------------------------

--
-- Estructura de tabla para la tabla `zodiacal`
--

CREATE TABLE IF NOT EXISTS `zodiacal` (
  `Id_zodiacal` int(11) NOT NULL,
  `nombre_zodiacal` varchar(12) COLLATE utf8_unicode_ci NOT NULL,
  `pre_zodiacal` varchar(3) COLLATE utf8_unicode_ci NOT NULL,
  UNIQUE KEY `Id_zodiacal` (`Id_zodiacal`)
) ENGINE=InnoDB DEFAULT CHARSET=utf8 COLLATE=utf8_unicode_ci COMMENT='Signo Zodiacal';

--
-- Volcado de datos para la tabla `zodiacal`
--

INSERT INTO `zodiacal` (`Id_zodiacal`, `nombre_zodiacal`, `pre_zodiacal`) VALUES
(0, 'No Zodiacal', '**'),
(1, 'Acuario', 'Acu'),
(2, 'Aries', 'Ari'),
(3, 'Cancer', 'Can'),
(4, 'Capricornio', 'Cap'),
(5, 'Escorpio', 'Esc'),
(6, 'Geminis', 'Gem'),
(7, 'Leo', 'Leo'),
(8, 'Libra', 'Lib'),
(9, 'Piscis', 'Pis'),
(10, 'Sagitario', 'Sag'),
(11, 'Tauro', 'Tau'),
(12, 'Virgo', 'Vir');

-- --------------------------------------------------------
--
-- Restricciones para tablas volcadas
--

--
-- Filtros para la tabla `cupo_especial`
--
ALTER TABLE `cupo_especial`
  ADD CONSTRAINT `cupo_especial_ibfk_1` FOREIGN KEY (`id_tipo_jugada`) REFERENCES `tipo_jugadas` (`id_tipo_jugada`) ON DELETE CASCADE ON UPDATE CASCADE,
  ADD CONSTRAINT `cupo_especial_ibfk_2` FOREIGN KEY (`id_zodiacal`) REFERENCES `zodiacal` (`Id_zodiacal`) ON DELETE CASCADE ON UPDATE CASCADE,
  ADD CONSTRAINT `FK_id_sorteo` FOREIGN KEY (`id_sorteo`) REFERENCES `sorteos` (`id_sorteo`) ON DELETE CASCADE ON UPDATE CASCADE;

--
-- Filtros para la tabla `cupo_general`
--
ALTER TABLE `cupo_general`
  ADD CONSTRAINT `FK_id_tipo_jugadas` FOREIGN KEY (`id_tipo_jugada`) REFERENCES `tipo_jugadas` (`id_tipo_jugada`) ON DELETE CASCADE ON UPDATE CASCADE;

--
-- Filtros para la tabla `detalle_ticket`
--
ALTER TABLE `detalle_ticket`
  ADD CONSTRAINT `detalle_ticket_ibfk_1` FOREIGN KEY (`id_ticket`) REFERENCES `ticket` (`id_ticket`) ON DELETE CASCADE ON UPDATE CASCADE,
  ADD CONSTRAINT `detalle_ticket_ibfk_2` FOREIGN KEY (`id_tipo_jugada`) REFERENCES `tipo_jugadas` (`id_tipo_jugada`) ON DELETE CASCADE ON UPDATE CASCADE;

--
-- Filtros para la tabla `impresora_taquillas`
--
ALTER TABLE `impresora_taquillas`
  ADD CONSTRAINT `impresora_taquillas_ibfk_1` FOREIGN KEY (`id_taquilla`) REFERENCES `taquillas` (`id_taquilla`) ON DELETE CASCADE ON UPDATE CASCADE;

--
-- Filtros para la tabla `incompletos_agotados`
--
ALTER TABLE `incompletos_agotados`
  ADD CONSTRAINT `incompletos_agotados_ibfk_1` FOREIGN KEY (`id_sorteo`) REFERENCES `sorteos` (`id_sorteo`) ON DELETE CASCADE ON UPDATE CASCADE,
  ADD CONSTRAINT `incompletos_agotados_ibfk_2` FOREIGN KEY (`id_tipo_jugada`) REFERENCES `tipo_jugadas` (`id_tipo_jugada`) ON DELETE CASCADE ON UPDATE CASCADE,
  ADD CONSTRAINT `incompletos_agotados_ibfk_3` FOREIGN KEY (`id_zodiacal`) REFERENCES `zodiacal` (`Id_zodiacal`) ON DELETE CASCADE ON UPDATE CASCADE,
  ADD CONSTRAINT `incompletos_agotados_ibfk_4` FOREIGN KEY (`id_ticket`) REFERENCES `ticket` (`id_ticket`) ON DELETE CASCADE ON UPDATE CASCADE;

--
-- Filtros para la tabla `numeros_jugados`
--
ALTER TABLE `numeros_jugados`
  ADD CONSTRAINT `numeros_jugados_ibfk_1` FOREIGN KEY (`id_sorteo`) REFERENCES `sorteos` (`id_sorteo`) ON DELETE CASCADE ON UPDATE CASCADE,
  ADD CONSTRAINT `numeros_jugados_ibfk_2` FOREIGN KEY (`id_tipo_jugada`) REFERENCES `tipo_jugadas` (`id_tipo_jugada`) ON DELETE CASCADE ON UPDATE CASCADE,
  ADD CONSTRAINT `numeros_jugados_ibfk_3` FOREIGN KEY (`id_zodiacal`) REFERENCES `zodiacal` (`Id_zodiacal`) ON DELETE CASCADE ON UPDATE CASCADE;

--
-- Filtros para la tabla `relacion_pagos`
--
ALTER TABLE `relacion_pagos`
  ADD CONSTRAINT `relacion_pagos_ibfk_1` FOREIGN KEY (`id_tipo_jugada`) REFERENCES `tipo_jugadas` (`id_tipo_jugada`) ON DELETE CASCADE ON UPDATE CASCADE;

--
-- Filtros para la tabla `resultados`
--
ALTER TABLE `resultados`
  ADD CONSTRAINT `resultados_ibfk_1` FOREIGN KEY (`id_sorteo`) REFERENCES `sorteos` (`id_sorteo`) ON DELETE CASCADE ON UPDATE CASCADE,
  ADD CONSTRAINT `resultados_ibfk_2` FOREIGN KEY (`zodiacal`) REFERENCES `zodiacal` (`Id_zodiacal`) ON DELETE CASCADE ON UPDATE CASCADE;

--
-- Filtros para la tabla `sorteos`
--
ALTER TABLE `sorteos`
  ADD CONSTRAINT `FK_id_loteria` FOREIGN KEY (`id_loteria`) REFERENCES `loterias` (`id_loteria`) ON DELETE CASCADE ON UPDATE CASCADE,
  ADD CONSTRAINT `FK_zodiacal` FOREIGN KEY (`zodiacal`) REFERENCES `zodiacal` (`Id_zodiacal`) ON DELETE CASCADE ON UPDATE CASCADE,
  ADD CONSTRAINT `turno_fk` FOREIGN KEY (`id_turno`) REFERENCES `turno` (`id_turno`) ON DELETE CASCADE ON UPDATE CASCADE;

--
-- Filtros para la tabla `ticket_transaccional`
--
ALTER TABLE `ticket_transaccional`
  ADD CONSTRAINT `ticket_transaccional_ibfk_1` FOREIGN KEY (`id_sorteo`) REFERENCES `sorteos` (`id_sorteo`) ON DELETE CASCADE ON UPDATE CASCADE,
  ADD CONSTRAINT `ticket_transaccional_ibfk_2` FOREIGN KEY (`id_zodiacal`) REFERENCES `zodiacal` (`Id_zodiacal`) ON DELETE CASCADE ON UPDATE CASCADE,
  ADD CONSTRAINT `ticket_transaccional_ibfk_3` FOREIGN KEY (`id_tipo_jugada`) REFERENCES `tipo_jugadas` (`id_tipo_jugada`) ON DELETE CASCADE ON UPDATE CASCADE,
  ADD CONSTRAINT `ticket_transaccional_ibfk_4` FOREIGN KEY (`id_taquilla`) REFERENCES `taquillas` (`id_taquilla`) ON DELETE CASCADE ON UPDATE CASCADE;

--
-- Filtros para la tabla `usuario`
--
ALTER TABLE `usuario`
  ADD CONSTRAINT `FK_id_perfil` FOREIGN KEY (`id_perfil`) REFERENCES `perfil` (`id_perfil`) ON DELETE CASCADE ON UPDATE CASCADE;

/*!40101 SET CHARACTER_SET_CLIENT=@OLD_CHARACTER_SET_CLIENT */;
/*!40101 SET CHARACTER_SET_RESULTS=@OLD_CHARACTER_SET_RESULTS */;
/*!40101 SET COLLATION_CONNECTION=@OLD_COLLATION_CONNECTION */;
