-- phpMyAdmin SQL Dump
-- version 3.4.5
-- http://www.phpmyadmin.net
--
-- Servidor: localhost
-- Tiempo de generación: 02-02-2014 a las 18:39:14
-- Versión del servidor: 5.5.24-log
-- Versión de PHP: 5.3.13

SET SQL_MODE="NO_AUTO_VALUE_ON_ZERO";
SET time_zone = "+00:00";


/*!40101 SET @OLD_CHARACTER_SET_CLIENT=@@CHARACTER_SET_CLIENT */;
/*!40101 SET @OLD_CHARACTER_SET_RESULTS=@@CHARACTER_SET_RESULTS */;
/*!40101 SET @OLD_COLLATION_CONNECTION=@@COLLATION_CONNECTION */;
/*!40101 SET NAMES utf8 */;

--
-- Base de datos: `lottomax`
--

-- --------------------------------------------------------

--
-- Estructura de tabla para la tabla `cupo_especial`
--

CREATE TABLE IF NOT EXISTS `cupo_especial` (
  `id_cupo_especial` int(11) NOT NULL AUTO_INCREMENT,
  `numero` int(11) NOT NULL,
  `id_sorteo` int(11) NOT NULL DEFAULT '0',
  `monto_cupo` int(11) NOT NULL COMMENT '0=Numero Bloqueado o Agotado',
  `id_tipo_jugada` int(11) NOT NULL,
  `id_zodiacal` int(11) NOT NULL DEFAULT '0',
  `fecha_desde` timestamp NOT NULL DEFAULT '0000-00-00 00:00:00',
  `fecha_hasta` timestamp NOT NULL DEFAULT '0000-00-00 00:00:00',
  PRIMARY KEY (`id_cupo_especial`),
  KEY `FK_id_sorteo` (`id_sorteo`),
  KEY `id_tipo_jugada` (`id_tipo_jugada`),
  KEY `id_zodiacal` (`id_zodiacal`)
) ENGINE=InnoDB DEFAULT CHARSET=utf8 COLLATE=utf8_unicode_ci AUTO_INCREMENT=1 ;

-- --------------------------------------------------------

--
-- Estructura de tabla para la tabla `cupo_general`
--

CREATE TABLE IF NOT EXISTS `cupo_general` (
  `id_cupo_general` int(11) NOT NULL AUTO_INCREMENT,
  `monto_cupo` int(11) NOT NULL,
  `id_tipo_jugada` int(11) NOT NULL DEFAULT '0',
  PRIMARY KEY (`id_cupo_general`),
  KEY `FK_id_tipo_jugadas` (`id_tipo_jugada`)
) ENGINE=InnoDB  DEFAULT CHARSET=utf8 COLLATE=utf8_unicode_ci AUTO_INCREMENT=5 ;

--
-- Volcado de datos para la tabla `cupo_general`
--

INSERT INTO `cupo_general` (`id_cupo_general`, `monto_cupo`, `id_tipo_jugada`) VALUES
(1, 600, 1),
(2, 100, 2),
(3, 500, 3),
(4, 80, 4);

-- --------------------------------------------------------

--
-- Estructura de tabla para la tabla `detalle_ticket`
--

CREATE TABLE IF NOT EXISTS `detalle_ticket` (
  `id_detalle_ticket` int(11) NOT NULL AUTO_INCREMENT,
  `id_ticket` varchar(15) COLLATE utf8_unicode_ci NOT NULL,
  `numero` varchar(10) COLLATE utf8_unicode_ci NOT NULL,
  `id_sorteo` int(11) NOT NULL,
  `hora_sorteo` time NOT NULL,
  `id_zodiacal` int(11) NOT NULL,
  `id_tipo_jugada` int(11) NOT NULL DEFAULT '0',
  `monto` decimal(10,2) NOT NULL,
  `premiado` int(11) NOT NULL,
  `total_premiado` int(11) NOT NULL DEFAULT '0',
  KEY `id_detalle_ticket` (`id_detalle_ticket`),
  KEY `FK_id_ticket` (`id_ticket`),
  KEY `FK_id_tipo_jugada` (`id_tipo_jugada`)
) ENGINE=InnoDB  DEFAULT CHARSET=utf8 COLLATE=utf8_unicode_ci COMMENT='Detalle ticket' AUTO_INCREMENT=223 ;

--
-- Volcado de datos para la tabla `detalle_ticket`
--

INSERT INTO `detalle_ticket` (`id_detalle_ticket`, `id_ticket`, `numero`, `id_sorteo`, `hora_sorteo`, `id_zodiacal`, `id_tipo_jugada`, `monto`, `premiado`) VALUES
(52, '130705082752101', '145', 14, '23:00:00', 0, 1, '100.00', 0),
(53, '130705082752101', '145', 13, '23:00:00', 0, 1, '100.00', 0),
(54, '131012054355101', '100', 53, '19:30:00', 0, 1, '10.00', 0),
(55, '131012054355101', '100', 52, '19:30:00', 0, 1, '10.00', 0),
(56, '131012054355101', '100', 51, '19:30:00', 0, 1, '10.00', 0),
(57, '131012054728101', '923', 56, '19:45:00', 0, 1, '5.00', 0),
(58, '131012054728101', '823', 56, '19:45:00', 0, 1, '5.00', 0),
(59, '131012054728101', '723', 56, '19:45:00', 0, 1, '5.00', 0),
(60, '131012054728101', '623', 56, '19:45:00', 0, 1, '5.00', 0),
(61, '131012054728101', '523', 56, '19:45:00', 0, 1, '5.00', 0),
(62, '131012054728101', '423', 56, '19:45:00', 0, 1, '5.00', 0),
(63, '131012054728101', '323', 56, '19:45:00', 0, 1, '5.00', 0),
(64, '131012054728101', '223', 56, '19:45:00', 0, 1, '5.00', 0),
(65, '131012054728101', '123', 56, '19:45:00', 0, 1, '5.00', 0),
(66, '131012054728101', '023', 56, '19:45:00', 0, 1, '5.00', 0),
(67, '131012054728101', '923', 55, '19:45:00', 0, 1, '5.00', 0),
(68, '131012054728101', '823', 55, '19:45:00', 0, 1, '5.00', 0),
(69, '131012054728101', '723', 55, '19:45:00', 0, 1, '5.00', 0),
(70, '131012054728101', '623', 55, '19:45:00', 0, 1, '5.00', 0),
(71, '131012054728101', '523', 55, '19:45:00', 0, 1, '5.00', 0),
(72, '131012054728101', '423', 55, '19:45:00', 0, 1, '5.00', 0),
(73, '131012054728101', '323', 55, '19:45:00', 0, 1, '5.00', 0),
(74, '131012054728101', '223', 55, '19:45:00', 0, 1, '5.00', 0),
(75, '131012054728101', '123', 55, '19:45:00', 0, 1, '5.00', 0),
(76, '131012054728101', '023', 55, '19:45:00', 0, 1, '5.00', 0),
(77, '131012071200101', '452', 52, '19:30:00', 0, 1, '22.00', 0),
(78, '131012071200101', '452', 51, '19:30:00', 0, 1, '22.00', 0),
(79, '131012071237101', '452', 51, '19:30:00', 0, 1, '22.00', 0),
(80, '131012071237101', '452', 52, '19:30:00', 0, 1, '22.00', 0),
(81, '131012071434101', '912', 51, '19:30:00', 0, 1, '5.00', 0),
(82, '131012071434101', '812', 51, '19:30:00', 0, 1, '5.00', 0),
(83, '131012071434101', '712', 51, '19:30:00', 0, 1, '5.00', 0),
(84, '131012071434101', '612', 51, '19:30:00', 0, 1, '5.00', 0),
(85, '131012071434101', '512', 51, '19:30:00', 0, 1, '5.00', 0),
(86, '131012071434101', '412', 51, '19:30:00', 0, 1, '5.00', 0),
(87, '131012071434101', '312', 51, '19:30:00', 0, 1, '5.00', 0),
(88, '131012071434101', '212', 51, '19:30:00', 0, 1, '5.00', 0),
(89, '131012071434101', '112', 51, '19:30:00', 0, 1, '5.00', 0),
(90, '131012071434101', '012', 51, '19:30:00', 0, 1, '5.00', 0),
(91, '131012072515101', '974', 46, '19:00:00', 0, 1, '10.00', 0),
(92, '131012072515101', '874', 46, '19:00:00', 0, 1, '10.00', 0),
(93, '131012072515101', '774', 46, '19:00:00', 0, 1, '10.00', 0),
(94, '131012072515101', '674', 46, '19:00:00', 0, 1, '10.00', 0),
(95, '131012072515101', '574', 46, '19:00:00', 0, 1, '10.00', 0),
(96, '131012072515101', '474', 46, '19:00:00', 0, 1, '10.00', 0),
(97, '131012072515101', '374', 46, '19:00:00', 0, 1, '10.00', 0),
(98, '131012072515101', '274', 46, '19:00:00', 0, 1, '10.00', 0),
(99, '131012072515101', '174', 46, '19:00:00', 0, 1, '10.00', 0),
(100, '131012072515101', '074', 46, '19:00:00', 0, 1, '10.00', 0),
(101, '131012072515101', '965', 45, '19:00:00', 0, 1, '10.00', 0),
(102, '131012072515101', '865', 45, '19:00:00', 0, 1, '10.00', 0),
(103, '131012072515101', '765', 45, '19:00:00', 0, 1, '10.00', 0),
(104, '131012072515101', '665', 45, '19:00:00', 0, 1, '10.00', 0),
(105, '131012072515101', '565', 45, '19:00:00', 0, 1, '10.00', 0),
(106, '131012072515101', '465', 45, '19:00:00', 0, 1, '10.00', 0),
(107, '131012072515101', '365', 45, '19:00:00', 0, 1, '10.00', 0),
(108, '131012072515101', '265', 45, '19:00:00', 0, 1, '10.00', 0),
(109, '131012072515101', '165', 45, '19:00:00', 0, 1, '10.00', 0),
(110, '131012072515101', '065', 45, '19:00:00', 0, 1, '10.00', 0),
(111, '131012073924101', '231', 61, '20:00:00', 0, 1, '2.00', 0),
(112, '131012073924101', '231', 60, '20:00:00', 0, 1, '2.00', 0),
(113, '131012073924101', '231', 59, '20:00:00', 0, 1, '2.00', 0),
(114, '131012074042101', '231', 59, '20:00:00', 0, 1, '2.00', 0),
(115, '131012074042101', '231', 60, '20:00:00', 0, 1, '2.00', 0),
(116, '131012074042101', '231', 61, '20:00:00', 0, 1, '2.00', 0),
(117, '131013042538101', '555', 36, '16:45:00', 7, 3, '10.00', 0),
(118, '131013042538101', '666', 34, '16:45:00', 0, 1, '10.00', 0),
(119, '131013042538101', '444', 34, '16:45:00', 0, 1, '10.00', 0),
(120, '131013042538101', '123', 34, '16:45:00', 0, 1, '6000.00', 0),
(121, '131016085755101', '946', 65, '21:00:00', 0, 1, '12.00', 0),
(122, '131016085755101', '846', 65, '21:00:00', 0, 1, '12.00', 0),
(123, '131016085755101', '746', 65, '21:00:00', 0, 1, '12.00', 0),
(124, '131016085755101', '646', 65, '21:00:00', 0, 1, '12.00', 0),
(125, '131016085755101', '546', 65, '21:00:00', 0, 1, '12.00', 0),
(126, '131016085755101', '446', 65, '21:00:00', 0, 1, '12.00', 0),
(127, '131016085755101', '346', 65, '21:00:00', 0, 1, '12.00', 0),
(128, '131016085755101', '246', 65, '21:00:00', 0, 1, '12.00', 0),
(129, '131016085755101', '146', 65, '21:00:00', 0, 1, '12.00', 0),
(130, '131016085755101', '046', 65, '21:00:00', 0, 1, '12.00', 0),
(131, '131016085755101', '946', 64, '21:00:00', 0, 1, '12.00', 0),
(132, '131016085755101', '846', 64, '21:00:00', 0, 1, '12.00', 0),
(133, '131016085755101', '746', 64, '21:00:00', 0, 1, '12.00', 0),
(134, '131016085755101', '646', 64, '21:00:00', 0, 1, '12.00', 0),
(135, '131016085755101', '546', 64, '21:00:00', 0, 1, '12.00', 0),
(136, '131016085755101', '446', 64, '21:00:00', 0, 1, '12.00', 0),
(137, '131016085755101', '346', 64, '21:00:00', 0, 1, '12.00', 0),
(138, '131016085755101', '246', 64, '21:00:00', 0, 1, '12.00', 0),
(139, '131016085755101', '146', 64, '21:00:00', 0, 1, '12.00', 0),
(140, '131016085755101', '046', 64, '21:00:00', 0, 1, '12.00', 0),
(141, '131016085755101', '946', 63, '21:00:00', 0, 1, '12.00', 0),
(142, '131016085755101', '846', 63, '21:00:00', 0, 1, '12.00', 0),
(143, '131016085755101', '746', 63, '21:00:00', 0, 1, '12.00', 0),
(144, '131016085755101', '646', 63, '21:00:00', 0, 1, '12.00', 0),
(145, '131016085755101', '546', 63, '21:00:00', 0, 1, '12.00', 0),
(146, '131016085755101', '446', 63, '21:00:00', 0, 1, '12.00', 0),
(147, '131016085755101', '346', 63, '21:00:00', 0, 1, '12.00', 0),
(148, '131016085755101', '246', 63, '21:00:00', 0, 1, '12.00', 0),
(149, '131016085755101', '146', 63, '21:00:00', 0, 1, '12.00', 0),
(150, '131016085755101', '046', 63, '21:00:00', 0, 1, '12.00', 0),
(151, '131017094001101', '145', 1, '12:00:00', 0, 1, '600.00', 1),
(152, '131017095536101', '123', 2, '12:00:00', 0, 1, '12.00', 1),
(153, '131017095913101', '25', 2, '12:00:00', 0, 2, '5.00', 0),
(154, '131017100248101', '22', 2, '12:00:00', 0, 2, '10.00', 1),
(155, '131017101813101', '924', 2, '12:00:00', 0, 1, '6.00', 0),
(156, '131017101813101', '824', 2, '12:00:00', 0, 1, '6.00', 0),
(157, '131017101813101', '724', 2, '12:00:00', 0, 1, '6.00', 0),
(158, '131017101813101', '624', 2, '12:00:00', 0, 1, '6.00', 0),
(159, '131017101813101', '524', 2, '12:00:00', 0, 1, '6.00', 0),
(160, '131017101813101', '424', 2, '12:00:00', 0, 1, '6.00', 0),
(161, '131017101813101', '324', 2, '12:00:00', 0, 1, '6.00', 0),
(162, '131017101813101', '224', 2, '12:00:00', 0, 1, '6.00', 0),
(163, '131017101813101', '124', 2, '12:00:00', 0, 1, '6.00', 0),
(164, '131017101813101', '024', 2, '12:00:00', 0, 1, '6.00', 0),
(165, '131017101813101', '922', 2, '12:00:00', 0, 1, '6.00', 0),
(166, '131017101813101', '822', 2, '12:00:00', 0, 1, '6.00', 0),
(167, '131017101813101', '722', 2, '12:00:00', 0, 1, '6.00', 0),
(168, '131017101813101', '622', 2, '12:00:00', 0, 1, '6.00', 0),
(169, '131017101813101', '522', 2, '12:00:00', 0, 1, '6.00', 0),
(170, '131017101813101', '422', 2, '12:00:00', 0, 1, '6.00', 0),
(171, '131017101813101', '322', 2, '12:00:00', 0, 1, '6.00', 0),
(172, '131017101813101', '222', 2, '12:00:00', 0, 1, '6.00', 0),
(173, '131017101813101', '122', 2, '12:00:00', 0, 1, '6.00', 0),
(174, '131017101813101', '022', 2, '12:00:00', 0, 1, '6.00', 0),
(175, '131017123528101', '222', 19, '13:00:00', 0, 1, '20.00', 1),
(176, '131017124141101', '32', 20, '13:00:00', 0, 2, '5.00', 0),
(177, '131017124141101', '23', 19, '13:00:00', 0, 2, '5.00', 0),
(178, '131017124141101', '22', 20, '13:00:00', 0, 2, '4.00', 0),
(179, '131017124141101', '33', 20, '13:00:00', 0, 2, '4.00', 0),
(180, '131017124141101', '44', 19, '13:00:00', 0, 2, '4.00', 0),
(181, '131017124141101', '44', 20, '13:00:00', 0, 2, '4.00', 0),
(182, '131017124141101', '44', 21, '13:00:00', 0, 2, '4.00', 0),
(183, '131017124141101', '555', 22, '13:00:00', 6, 3, '5.00', 0),
(184, '131017124141101', '555', 22, '13:00:00', 5, 3, '5.00', 0),
(185, '131017124141101', '555', 22, '13:00:00', 3, 3, '5.00', 0),
(186, '131017124141101', '444', 21, '13:00:00', 0, 1, '5.00', 0),
(187, '131017124141101', '444', 20, '13:00:00', 0, 1, '5.00', 0),
(188, '131017124141101', '444', 19, '13:00:00', 0, 1, '5.00', 0),
(189, '131017124141101', '333', 20, '13:00:00', 0, 1, '5.00', 0),
(190, '131017124141101', '333', 19, '13:00:00', 0, 1, '5.00', 0),
(191, '131017124141101', '222', 20, '13:00:00', 0, 1, '5.00', 0),
(192, '131017124141101', '222', 19, '13:00:00', 0, 1, '5.00', 0),
(193, '131017045101101', '145', 46, '19:00:00', 0, 1, '10.00', 0),
(194, '131017045101101', '145', 45, '19:00:00', 0, 1, '10.00', 0),
(195, '131018035029101', '145', 13, '12:30:00', 0, 1, '10.00', 0),
(196, '131018035029101', '145', 11, '12:30:00', 0, 1, '10.00', 0),
(197, '131018035029101', '145', 6, '12:00:00', 0, 1, '10.00', 0),
(198, '131018035029101', '145', 4, '12:00:00', 0, 1, '10.00', 0),
(199, '131021101725101', '103', 2, '12:00:00', 0, 1, '10.00', 0),
(200, '131021101725101', '103', 1, '12:00:00', 0, 1, '10.00', 1),
(201, '131021101725101', '112', 2, '12:00:00', 0, 1, '10.00', 0),
(202, '131021101725101', '112', 1, '12:00:00', 0, 1, '10.00', 0),
(203, '131021101725101', '111', 2, '12:00:00', 0, 1, '10.00', 0),
(204, '131021101725101', '111', 1, '12:00:00', 0, 1, '10.00', 0),
(205, '131021101725101', '110', 2, '12:00:00', 0, 1, '10.00', 0),
(206, '131021101725101', '110', 1, '12:00:00', 0, 1, '10.00', 0),
(207, '131021101725101', '109', 2, '12:00:00', 0, 1, '10.00', 0),
(208, '131021101725101', '109', 1, '12:00:00', 0, 1, '10.00', 0),
(209, '131021101725101', '108', 2, '12:00:00', 0, 1, '10.00', 0),
(210, '131021101725101', '108', 1, '12:00:00', 0, 1, '10.00', 0),
(211, '131021101725101', '107', 2, '12:00:00', 0, 1, '10.00', 0),
(212, '131021101725101', '107', 1, '12:00:00', 0, 1, '10.00', 0),
(213, '131021101725101', '106', 2, '12:00:00', 0, 1, '10.00', 0),
(214, '131021101725101', '106', 1, '12:00:00', 0, 1, '10.00', 0),
(215, '131021101725101', '105', 2, '12:00:00', 0, 1, '10.00', 0),
(216, '131021101725101', '105', 1, '12:00:00', 0, 1, '10.00', 0),
(217, '131021101725101', '104', 2, '12:00:00', 0, 1, '10.00', 0),
(218, '131021101725101', '104', 1, '12:00:00', 0, 1, '10.00', 0),
(219, '131021101725101', '102', 2, '12:00:00', 0, 1, '10.00', 0),
(220, '131021101725101', '102', 1, '12:00:00', 0, 1, '10.00', 0),
(221, '131021101725101', '101', 2, '12:00:00', 0, 1, '10.00', 0),
(222, '131021101725101', '101', 1, '12:00:00', 0, 1, '10.00', 0);

-- --------------------------------------------------------

--
-- Estructura de tabla para la tabla `impresora_taquillas`
--

CREATE TABLE IF NOT EXISTS `impresora_taquillas` (
  `id_impresora_taquillas` int(11) NOT NULL AUTO_INCREMENT,
  `id_taquilla` int(11) NOT NULL,
  `nombre_vendedor_ticket` int(11) NOT NULL,
  `cortar_ticket` int(11) NOT NULL,
  `lineas_saltar_antes` int(11) NOT NULL,
  `lineas_saltar_despues` int(11) NOT NULL,
  `ver_numeros_incompletos` int(11) NOT NULL,
  `ver_numeros_agotados` int(11) NOT NULL,
  PRIMARY KEY (`id_impresora_taquillas`),
  UNIQUE KEY `id_taquilla` (`id_taquilla`)
) ENGINE=InnoDB  DEFAULT CHARSET=utf8 COLLATE=utf8_unicode_ci COMMENT='Configuracion de Impresora' AUTO_INCREMENT=10 ;

--
-- Volcado de datos para la tabla `impresora_taquillas`
--

INSERT INTO `impresora_taquillas` (`id_impresora_taquillas`, `id_taquilla`, `nombre_vendedor_ticket`, `cortar_ticket`, `lineas_saltar_antes`, `lineas_saltar_despues`, `ver_numeros_incompletos`, `ver_numeros_agotados`) VALUES
(2, 2, 1, 0, 0, 7, 1, 1),
(3, 1, 1, 0, 0, 7, 1, 1),
(9, 3, 1, 0, 0, 7, 1, 1);

-- --------------------------------------------------------

--
-- Estructura de tabla para la tabla `incompletos_agotados`
--

CREATE TABLE IF NOT EXISTS `incompletos_agotados` (
  `id_incompletos_agotados` int(11) NOT NULL AUTO_INCREMENT,
  `id_ticket` varchar(15) COLLATE utf8_unicode_ci NOT NULL,
  `fecha` datetime NOT NULL,
  `numero` int(11) NOT NULL,
  `id_sorteo` int(11) NOT NULL,
  `id_tipo_jugada` int(11) NOT NULL,
  `id_zodiacal` int(11) NOT NULL,
  `monto_restante` decimal(10,2) NOT NULL,
  `incompleto` int(11) NOT NULL COMMENT '0=completo, 1=Incompleto, 2=Agotado',
  PRIMARY KEY (`id_incompletos_agotados`),
  KEY `id_sorteo` (`id_sorteo`),
  KEY `id_tipo_jugada` (`id_tipo_jugada`),
  KEY `id_zodiacal` (`id_zodiacal`),
  KEY `FK_id_tickets` (`id_ticket`)
) ENGINE=InnoDB  DEFAULT CHARSET=utf8 COLLATE=utf8_unicode_ci COMMENT='guarda numeros incompletos y agotados' AUTO_INCREMENT=3 ;

--
-- Volcado de datos para la tabla `incompletos_agotados`
--

INSERT INTO `incompletos_agotados` (`id_incompletos_agotados`, `id_ticket`, `fecha`, `numero`, `id_sorteo`, `id_tipo_jugada`, `id_zodiacal`, `monto_restante`, `incompleto`) VALUES
(1, '131017094001101', '2013-10-17 09:40:01', 145, 1, 1, 0, '0.00', 1),
(2, '131017095536101', '2013-10-17 09:55:36', 145, 1, 1, 0, '10.00', 2);

-- --------------------------------------------------------

--
-- Estructura de tabla para la tabla `loterias`
--

CREATE TABLE IF NOT EXISTS `loterias` (
  `id_loteria` int(11) NOT NULL AUTO_INCREMENT,
  `nombre_loteria` varchar(50) COLLATE utf8_unicode_ci NOT NULL,
  `status` int(11) NOT NULL COMMENT '0=Inactivo, 1=Activo',
  PRIMARY KEY (`id_loteria`)
) ENGINE=InnoDB  DEFAULT CHARSET=utf8 COLLATE=utf8_unicode_ci COMMENT='Listados de Loterias' AUTO_INCREMENT=8 ;

--
-- Volcado de datos para la tabla `loterias`
--

INSERT INTO `loterias` (`id_loteria`, `nombre_loteria`, `status`) VALUES
(1, 'ZAMORANO', 1),
(2, 'TACHIRA', 1),
(3, 'ZODIACAL', 1),
(4, 'LEON', 1),
(5, 'CHANCE', 1),
(6, 'ZULIA', 1),
(7, 'TRIPLEMANIA', 1);

-- --------------------------------------------------------

--
-- Estructura de tabla para la tabla `numeros_jugados`
--

CREATE TABLE IF NOT EXISTS `numeros_jugados` (
  `id_numero_jugados` int(11) NOT NULL AUTO_INCREMENT,
  `fecha` date NOT NULL,
  `numero` int(11) NOT NULL,
  `id_sorteo` int(11) NOT NULL,
  `id_tipo_jugada` int(11) NOT NULL,
  `id_zodiacal` int(11) NOT NULL,
  `monto_restante` int(11) NOT NULL,
  PRIMARY KEY (`id_numero_jugados`),
  KEY `id_sorteo` (`id_sorteo`),
  KEY `id_tipo_jugada` (`id_tipo_jugada`),
  KEY `id_zodiacal` (`id_zodiacal`)
) ENGINE=InnoDB  DEFAULT CHARSET=utf8 COLLATE=utf8_unicode_ci AUTO_INCREMENT=164 ;

--
-- Volcado de datos para la tabla `numeros_jugados`
--

INSERT INTO `numeros_jugados` (`id_numero_jugados`, `fecha`, `numero`, `id_sorteo`, `id_tipo_jugada`, `id_zodiacal`, `monto_restante`) VALUES
(1, '2013-10-12', 100, 53, 1, 0, 590),
(2, '2013-10-12', 100, 52, 1, 0, 590),
(3, '2013-10-12', 100, 51, 1, 0, 590),
(4, '2013-10-12', 923, 56, 1, 0, 595),
(5, '2013-10-12', 823, 56, 1, 0, 595),
(6, '2013-10-12', 723, 56, 1, 0, 595),
(7, '2013-10-12', 623, 56, 1, 0, 595),
(8, '2013-10-12', 523, 56, 1, 0, 595),
(9, '2013-10-12', 423, 56, 1, 0, 595),
(10, '2013-10-12', 323, 56, 1, 0, 595),
(11, '2013-10-12', 223, 56, 1, 0, 595),
(12, '2013-10-12', 123, 56, 1, 0, 595),
(13, '2013-10-12', 23, 56, 1, 0, 595),
(14, '2013-10-12', 923, 55, 1, 0, 595),
(15, '2013-10-12', 823, 55, 1, 0, 595),
(16, '2013-10-12', 723, 55, 1, 0, 595),
(17, '2013-10-12', 623, 55, 1, 0, 595),
(18, '2013-10-12', 523, 55, 1, 0, 595),
(19, '2013-10-12', 423, 55, 1, 0, 595),
(20, '2013-10-12', 323, 55, 1, 0, 595),
(21, '2013-10-12', 223, 55, 1, 0, 595),
(22, '2013-10-12', 123, 55, 1, 0, 595),
(23, '2013-10-12', 23, 55, 1, 0, 595),
(24, '2013-10-12', 452, 52, 1, 0, 556),
(25, '2013-10-12', 452, 51, 1, 0, 556),
(26, '2013-10-12', 912, 51, 1, 0, 595),
(27, '2013-10-12', 812, 51, 1, 0, 595),
(28, '2013-10-12', 712, 51, 1, 0, 595),
(29, '2013-10-12', 612, 51, 1, 0, 595),
(30, '2013-10-12', 512, 51, 1, 0, 595),
(31, '2013-10-12', 412, 51, 1, 0, 595),
(32, '2013-10-12', 312, 51, 1, 0, 595),
(33, '2013-10-12', 212, 51, 1, 0, 595),
(34, '2013-10-12', 112, 51, 1, 0, 595),
(35, '2013-10-12', 12, 51, 1, 0, 595),
(36, '2013-10-12', 974, 46, 1, 0, 590),
(37, '2013-10-12', 874, 46, 1, 0, 590),
(38, '2013-10-12', 774, 46, 1, 0, 590),
(39, '2013-10-12', 674, 46, 1, 0, 590),
(40, '2013-10-12', 574, 46, 1, 0, 590),
(41, '2013-10-12', 474, 46, 1, 0, 590),
(42, '2013-10-12', 374, 46, 1, 0, 590),
(43, '2013-10-12', 274, 46, 1, 0, 590),
(44, '2013-10-12', 174, 46, 1, 0, 590),
(45, '2013-10-12', 74, 46, 1, 0, 590),
(46, '2013-10-12', 965, 45, 1, 0, 590),
(47, '2013-10-12', 865, 45, 1, 0, 590),
(48, '2013-10-12', 765, 45, 1, 0, 590),
(49, '2013-10-12', 665, 45, 1, 0, 590),
(50, '2013-10-12', 565, 45, 1, 0, 590),
(51, '2013-10-12', 465, 45, 1, 0, 590),
(52, '2013-10-12', 365, 45, 1, 0, 590),
(53, '2013-10-12', 265, 45, 1, 0, 590),
(54, '2013-10-12', 165, 45, 1, 0, 590),
(55, '2013-10-12', 65, 45, 1, 0, 590),
(56, '2013-10-12', 231, 61, 1, 0, 596),
(57, '2013-10-12', 231, 60, 1, 0, 596),
(58, '2013-10-12', 231, 59, 1, 0, 596),
(59, '2013-10-13', 555, 36, 3, 7, 490),
(60, '2013-10-13', 666, 34, 1, 0, 590),
(61, '2013-10-13', 444, 34, 1, 0, 590),
(62, '2013-10-13', 123, 34, 1, 0, 590),
(63, '2013-10-16', 946, 65, 1, 0, 588),
(64, '2013-10-16', 846, 65, 1, 0, 588),
(65, '2013-10-16', 746, 65, 1, 0, 588),
(66, '2013-10-16', 646, 65, 1, 0, 588),
(67, '2013-10-16', 546, 65, 1, 0, 588),
(68, '2013-10-16', 446, 65, 1, 0, 588),
(69, '2013-10-16', 346, 65, 1, 0, 588),
(70, '2013-10-16', 246, 65, 1, 0, 588),
(71, '2013-10-16', 146, 65, 1, 0, 588),
(72, '2013-10-16', 46, 65, 1, 0, 588),
(73, '2013-10-16', 946, 64, 1, 0, 588),
(74, '2013-10-16', 846, 64, 1, 0, 588),
(75, '2013-10-16', 746, 64, 1, 0, 588),
(76, '2013-10-16', 646, 64, 1, 0, 588),
(77, '2013-10-16', 546, 64, 1, 0, 588),
(78, '2013-10-16', 446, 64, 1, 0, 588),
(79, '2013-10-16', 346, 64, 1, 0, 588),
(80, '2013-10-16', 246, 64, 1, 0, 588),
(81, '2013-10-16', 146, 64, 1, 0, 588),
(82, '2013-10-16', 46, 64, 1, 0, 588),
(83, '2013-10-16', 946, 63, 1, 0, 588),
(84, '2013-10-16', 846, 63, 1, 0, 588),
(85, '2013-10-16', 746, 63, 1, 0, 588),
(86, '2013-10-16', 646, 63, 1, 0, 588),
(87, '2013-10-16', 546, 63, 1, 0, 588),
(88, '2013-10-16', 446, 63, 1, 0, 588),
(89, '2013-10-16', 346, 63, 1, 0, 588),
(90, '2013-10-16', 246, 63, 1, 0, 588),
(91, '2013-10-16', 146, 63, 1, 0, 588),
(92, '2013-10-16', 46, 63, 1, 0, 588),
(93, '2013-10-17', 145, 1, 1, 0, 0),
(94, '2013-10-17', 123, 2, 1, 0, 588),
(95, '2013-10-17', 25, 2, 2, 0, 95),
(96, '2013-10-17', 22, 2, 2, 0, 90),
(97, '2013-10-17', 924, 2, 1, 0, 594),
(98, '2013-10-17', 824, 2, 1, 0, 594),
(99, '2013-10-17', 724, 2, 1, 0, 594),
(100, '2013-10-17', 624, 2, 1, 0, 594),
(101, '2013-10-17', 524, 2, 1, 0, 594),
(102, '2013-10-17', 424, 2, 1, 0, 594),
(103, '2013-10-17', 324, 2, 1, 0, 594),
(104, '2013-10-17', 224, 2, 1, 0, 594),
(105, '2013-10-17', 124, 2, 1, 0, 594),
(106, '2013-10-17', 24, 2, 1, 0, 594),
(107, '2013-10-17', 922, 2, 1, 0, 594),
(108, '2013-10-17', 822, 2, 1, 0, 594),
(109, '2013-10-17', 722, 2, 1, 0, 594),
(110, '2013-10-17', 622, 2, 1, 0, 594),
(111, '2013-10-17', 522, 2, 1, 0, 594),
(112, '2013-10-17', 422, 2, 1, 0, 594),
(113, '2013-10-17', 322, 2, 1, 0, 594),
(114, '2013-10-17', 222, 2, 1, 0, 594),
(115, '2013-10-17', 122, 2, 1, 0, 594),
(116, '2013-10-17', 22, 2, 1, 0, 84),
(117, '2013-10-17', 222, 19, 1, 0, 575),
(118, '2013-10-17', 32, 20, 2, 0, 95),
(119, '2013-10-17', 23, 19, 2, 0, 95),
(120, '2013-10-17', 22, 20, 2, 0, 96),
(121, '2013-10-17', 33, 20, 2, 0, 96),
(122, '2013-10-17', 44, 19, 2, 0, 96),
(123, '2013-10-17', 44, 20, 2, 0, 96),
(124, '2013-10-17', 44, 21, 2, 0, 96),
(125, '2013-10-17', 555, 22, 3, 6, 495),
(126, '2013-10-17', 555, 22, 3, 5, 495),
(127, '2013-10-17', 555, 22, 3, 3, 495),
(128, '2013-10-17', 444, 21, 1, 0, 595),
(129, '2013-10-17', 444, 20, 1, 0, 595),
(130, '2013-10-17', 444, 19, 1, 0, 595),
(131, '2013-10-17', 333, 20, 1, 0, 595),
(132, '2013-10-17', 333, 19, 1, 0, 595),
(133, '2013-10-17', 222, 20, 1, 0, 595),
(134, '2013-10-17', 145, 46, 1, 0, 590),
(135, '2013-10-17', 145, 45, 1, 0, 590),
(136, '2013-10-18', 145, 13, 1, 0, 590),
(137, '2013-10-18', 145, 11, 1, 0, 590),
(138, '2013-10-18', 145, 6, 1, 0, 590),
(139, '2013-10-18', 145, 4, 1, 0, 590),
(140, '2013-10-21', 103, 2, 1, 0, 590),
(141, '2013-10-21', 103, 1, 1, 0, 590),
(142, '2013-10-21', 112, 2, 1, 0, 590),
(143, '2013-10-21', 112, 1, 1, 0, 590),
(144, '2013-10-21', 111, 2, 1, 0, 590),
(145, '2013-10-21', 111, 1, 1, 0, 590),
(146, '2013-10-21', 110, 2, 1, 0, 590),
(147, '2013-10-21', 110, 1, 1, 0, 590),
(148, '2013-10-21', 109, 2, 1, 0, 590),
(149, '2013-10-21', 109, 1, 1, 0, 590),
(150, '2013-10-21', 108, 2, 1, 0, 590),
(151, '2013-10-21', 108, 1, 1, 0, 590),
(152, '2013-10-21', 107, 2, 1, 0, 590),
(153, '2013-10-21', 107, 1, 1, 0, 590),
(154, '2013-10-21', 106, 2, 1, 0, 590),
(155, '2013-10-21', 106, 1, 1, 0, 590),
(156, '2013-10-21', 105, 2, 1, 0, 590),
(157, '2013-10-21', 105, 1, 1, 0, 590),
(158, '2013-10-21', 104, 2, 1, 0, 590),
(159, '2013-10-21', 104, 1, 1, 0, 590),
(160, '2013-10-21', 102, 2, 1, 0, 590),
(161, '2013-10-21', 102, 1, 1, 0, 590),
(162, '2013-10-21', 101, 2, 1, 0, 590),
(163, '2013-10-21', 101, 1, 1, 0, 590);

-- --------------------------------------------------------

--
-- Estructura de tabla para la tabla `parametros`
--

CREATE TABLE IF NOT EXISTS `parametros` (
  `id_parametros` int(11) NOT NULL AUTO_INCREMENT,
  `id_agencia` int(11) NOT NULL,
  `nombre_agencia` varchar(50) COLLATE utf8_unicode_ci NOT NULL,
  `tiempo_cierre_sorteos` int(11) NOT NULL COMMENT 'Expresado en minutos',
  `tiempo_anulacion_ticket` int(11) NOT NULL COMMENT 'Expresado en minutos',
  `tiempo_vigencia_ticket` int(11) NOT NULL COMMENT 'Expresado en dias',
  `aprox_abajo` tinyint(1) NOT NULL DEFAULT '0',
  `aprox_arriba` tinyint(1) NOT NULL DEFAULT '0',
  `comision_agencia` int(11) NOT NULL,
  UNIQUE KEY `id_parametros` (`id_parametros`)
) ENGINE=InnoDB  DEFAULT CHARSET=utf8 COLLATE=utf8_unicode_ci AUTO_INCREMENT=2 ;

--
-- Volcado de datos para la tabla `parametros`
--

INSERT INTO `parametros` (`id_parametros`, `id_agencia`, `nombre_agencia`, `tiempo_cierre_sorteos`, `tiempo_anulacion_ticket`, `tiempo_vigencia_ticket`, `aprox_abajo`, `aprox_arriba`, `comision_agencia`) VALUES
(1, 1, 'La Tostadita', 10, 3, 3, 1, 1, 15);

-- --------------------------------------------------------

--
-- Estructura de tabla para la tabla `perfil`
--

CREATE TABLE IF NOT EXISTS `perfil` (
  `id_perfil` int(11) NOT NULL AUTO_INCREMENT,
  `nombre_perfil` varchar(20) DEFAULT NULL,
  PRIMARY KEY (`id_perfil`)
) ENGINE=InnoDB  DEFAULT CHARSET=latin1 AUTO_INCREMENT=5 ;

--
-- Volcado de datos para la tabla `perfil`
--

INSERT INTO `perfil` (`id_perfil`, `nombre_perfil`) VALUES
(1, 'Administrador'),
(2, 'Banquero'),
(3, 'Intermediario'),
(4, 'Vendedor');

-- --------------------------------------------------------

--
-- Estructura de tabla para la tabla `relacion_pagos`
--

CREATE TABLE IF NOT EXISTS `relacion_pagos` (
  `id_relacion_pagos` int(11) NOT NULL AUTO_INCREMENT,
  `monto` int(11) NOT NULL,
  `id_tipo_jugada` int(11) NOT NULL,
  `status` int(11) NOT NULL COMMENT '0=Inactivo, 1=Activo',
  PRIMARY KEY (`id_relacion_pagos`),
  KEY `id_tipo_jugada` (`id_tipo_jugada`)
) ENGINE=InnoDB  DEFAULT CHARSET=utf8 COLLATE=utf8_unicode_ci AUTO_INCREMENT=6 ;

--
-- Volcado de datos para la tabla `relacion_pagos`
--

INSERT INTO `relacion_pagos` (`id_relacion_pagos`, `monto`, `id_tipo_jugada`, `status`) VALUES
(1, 800, 1, 1),
(2, 50, 2, 1),
(3, 6000, 3, 1),
(4, 120, 4, 1),
(5, 30, 5, 1);

-- --------------------------------------------------------

--
-- Estructura de tabla para la tabla `resultados`
--

CREATE TABLE IF NOT EXISTS `resultados` (
  `id_resultados` int(11) NOT NULL AUTO_INCREMENT,
  `id_sorteo` int(11) NOT NULL,
  `zodiacal` int(11) NOT NULL,
  `numero` varchar(3) COLLATE utf8_unicode_ci NOT NULL,
  `fecha_hora` datetime NOT NULL,
  `bajado` int(11) NOT NULL DEFAULT '0',
  PRIMARY KEY (`id_resultados`),
  KEY `id_sorteo` (`id_sorteo`),
  KEY `zodiacal` (`zodiacal`)
) ENGINE=InnoDB DEFAULT CHARSET=utf8 COLLATE=utf8_unicode_ci AUTO_INCREMENT=1 ;

-- --------------------------------------------------------

--
-- Estructura de tabla para la tabla `sorteos`
--

CREATE TABLE IF NOT EXISTS `sorteos` (
  `id_sorteo` int(11) NOT NULL AUTO_INCREMENT,
  `id_loteria` int(11) NOT NULL DEFAULT '0',
  `nombre_sorteo` varchar(25) COLLATE utf8_unicode_ci NOT NULL,
  `hora_sorteo` time NOT NULL,
  `id_turno` int(1) NOT NULL,
  `zodiacal` int(11) NOT NULL,
  `tradicional` int(1) NOT NULL COMMENT '0=No Tradicional, 1= Si Tradicional',
  `status` int(11) NOT NULL COMMENT '0=Inactivo, 1=Activo',
  UNIQUE KEY `id_sorrteo` (`id_sorteo`),
  KEY `FK_zodiacal` (`zodiacal`),
  KEY `FK_id_loteria` (`id_loteria`),
  KEY `turno_fk` (`id_turno`)
) ENGINE=InnoDB  DEFAULT CHARSET=utf8 COLLATE=utf8_unicode_ci AUTO_INCREMENT=79 ;

--
-- Volcado de datos para la tabla `sorteos`
--

INSERT INTO `sorteos` (`id_sorteo`, `id_loteria`, `nombre_sorteo`, `hora_sorteo`, `id_turno`, `zodiacal`, `tradicional`, `status`) VALUES
(1, 1, 'ZAMORANO A 12PM', '12:00:00', 1, 0, 0, 1),
(2, 1, 'ZAMORANO C 12PM', '12:00:00', 1, 0, 0, 1),
(3, 1, 'ASTRO ZAMORANO 12PM', '12:00:00', 1, 1, 0, 1),
(4, 2, 'TACHIRA A 12PM', '12:00:00', 1, 0, 1, 1),
(5, 2, 'TACHIRA B 12PM', '12:00:00', 1, 0, 1, 1),
(6, 2, 'TACHIRA C 12PM', '12:00:00', 1, 0, 0, 1),
(7, 2, 'SIGNO TACHIRA 12PM', '12:00:00', 1, 1, 0, 1),
(8, 3, 'ZODIACAL A 12:45PM', '12:45:00', 1, 0, 1, 1),
(9, 3, 'ZODIACAL B 12:45PM', '12:45:00', 1, 0, 1, 1),
(10, 3, 'ZODIACAL SIGNO 12:45PM', '12:45:00', 1, 1, 0, 1),
(11, 4, 'LEON A 12:30PM', '12:30:00', 1, 0, 1, 1),
(12, 4, 'LEON B 12:30PM', '12:30:00', 1, 0, 1, 1),
(13, 4, 'LEON C 12:30PM', '12:30:00', 1, 0, 0, 1),
(14, 4, 'TRIPLETON 12:30PM', '12:30:00', 1, 1, 0, 1),
(15, 6, 'ZULIA A 12:45PM', '12:45:00', 1, 0, 1, 1),
(16, 6, 'ZULIA B 12:45PM', '12:45:00', 1, 0, 1, 1),
(17, 6, 'ZULIA C 12:45PM', '12:45:00', 1, 0, 0, 1),
(18, 6, 'ZODIACO DEL ZULIA 12:45PM', '12:45:00', 1, 1, 0, 1),
(19, 5, 'CHANCE A 1PM', '13:00:00', 1, 0, 1, 1),
(20, 5, 'CHANCE B 1PM', '13:00:00', 1, 0, 1, 1),
(21, 5, 'CHANCE C 1PM', '13:00:00', 1, 0, 0, 1),
(22, 5, 'ASTRAL 1PM', '13:00:00', 1, 1, 0, 1),
(23, 1, 'ZAMORANO A 4PM', '16:00:00', 2, 0, 0, 1),
(24, 1, 'ZAMORANO C 4PM', '16:00:00', 2, 0, 0, 1),
(25, 1, 'ASTRO ZAMORANO 4PM', '16:00:00', 2, 1, 0, 1),
(26, 4, 'LEON A 4:30PM', '16:30:00', 2, 0, 1, 1),
(27, 4, 'LEON B 4:30PM', '16:30:00', 2, 0, 1, 1),
(28, 4, 'LEON C 4:30PM', '16:30:00', 2, 0, 0, 1),
(29, 4, 'TRIPLETON 4:30PM', '16:30:00', 2, 1, 0, 1),
(30, 5, 'CHANCE A 4:30PM', '16:30:00', 2, 0, 1, 1),
(31, 5, 'CHANCE B 16:30PM', '16:30:00', 2, 0, 1, 1),
(32, 5, 'CHANCE C 4:30PM', '16:30:00', 2, 0, 0, 1),
(33, 5, 'ASTRAL 4:30PM', '16:30:00', 2, 1, 0, 1),
(34, 3, 'ZODIACAL A 4:45PM', '16:45:00', 2, 0, 1, 1),
(35, 3, 'ZODIACAL B 4:45PM', '16:45:00', 2, 0, 1, 1),
(36, 3, 'ZODIACAL SIGNO 4:45PM', '16:45:00', 2, 1, 0, 1),
(37, 6, 'ZULIA A 4:45PM', '16:45:00', 2, 0, 1, 1),
(38, 6, 'ZULIA B 4:45PM', '16:45:00', 2, 0, 1, 1),
(39, 6, 'ZULIA C 4:45PM', '16:45:00', 2, 0, 0, 1),
(40, 6, 'ZODIACO DEL ZULIA 4:45PM', '16:45:00', 2, 1, 0, 1),
(41, 2, 'TACHIRA A 5PM', '17:00:00', 2, 0, 1, 1),
(42, 2, 'TACHIRA B 5PM', '17:00:00', 2, 0, 1, 1),
(43, 2, 'TACHIRA C 5PM', '17:00:00', 2, 0, 0, 1),
(44, 2, 'SIGNO TACHIRA 5PM', '17:00:00', 2, 1, 0, 1),
(45, 1, 'ZAMORANO A 7PM', '19:00:00', 3, 0, 0, 1),
(46, 1, 'ZAMORANO C 7PM', '19:00:00', 3, 0, 0, 1),
(47, 1, 'ASTRO ZAMORANO 7PM', '19:00:00', 3, 1, 0, 1),
(48, 3, 'ZODIACAL A 7:45PM', '19:45:00', 3, 0, 1, 1),
(49, 3, 'ZODIACAL B 7:45PM', '19:45:00', 3, 0, 1, 1),
(50, 3, 'ZODIACAL SIGNO 7:45PM', '19:45:00', 3, 1, 0, 1),
(51, 4, 'LEON A 7:30PM', '19:30:00', 3, 0, 1, 1),
(52, 4, 'LEON B 7:30PM', '19:30:00', 3, 0, 1, 1),
(53, 4, 'LEON C 7:30PM', '19:30:00', 3, 0, 0, 1),
(54, 4, 'TRIPLETON 7:30PM', '19:30:00', 3, 1, 0, 1),
(55, 6, 'ZULIA A 7:45PM', '19:45:00', 3, 0, 1, 1),
(56, 6, 'ZULIA B 7:45PM', '19:45:00', 3, 0, 1, 1),
(57, 6, 'ZULIA C 7:45PM', '19:45:00', 3, 0, 0, 1),
(58, 6, 'ZODIACO DEL ZULIA 19:45PM', '19:45:00', 3, 1, 0, 1),
(59, 5, 'CHANCE A 8PM', '20:00:00', 3, 0, 1, 1),
(60, 5, 'CHANCE B 8PM', '20:00:00', 3, 0, 1, 1),
(61, 5, 'CHANCE C 8PM', '20:00:00', 3, 0, 0, 1),
(62, 5, 'ASTRAL 8PM', '20:00:00', 3, 1, 0, 1),
(63, 2, 'TACHIRA A 9PM', '21:00:00', 3, 0, 1, 1),
(64, 2, 'TACHIRA B 9PM', '21:00:00', 3, 0, 1, 1),
(65, 2, 'TACHIRA C 9PM', '21:00:00', 3, 0, 0, 1),
(66, 2, 'SIGNO TACHIRA 9PM', '21:00:00', 3, 1, 0, 1),
(67, 7, 'TRIPLEMANIA A 1PM', '13:00:00', 1, 0, 0, 1),
(68, 7, 'TRIPLEMANIA B 1PM', '13:00:00', 1, 0, 0, 1),
(69, 7, 'TRIPLEMANIA C 1PM', '13:00:00', 1, 0, 0, 1),
(70, 7, 'MANIA ZODIACAL 1PM', '13:00:00', 1, 1, 0, 1),
(71, 7, 'TRIPLEMANIA A 4:30PM', '16:30:00', 2, 0, 0, 1),
(72, 7, 'TRIPLEMANIA B 4:30PM', '16:30:00', 2, 0, 0, 1),
(73, 7, 'TRIPLEMANIA C 4:30PM', '16:30:00', 2, 0, 0, 1),
(74, 7, 'MANIA ZODIACAL 4:30PM', '16:30:00', 2, 1, 0, 1),
(75, 7, 'TRIPLEMANIA A 7:45PM', '19:45:00', 3, 0, 0, 1),
(76, 7, 'TRIPLEMANIA B 7:45PM', '19:45:00', 3, 0, 0, 1),
(77, 7, 'TRIPLEMANIA C 7:45PM', '19:45:00', 3, 0, 0, 1),
(78, 7, 'MANIA ZODIACAL 7:45PM', '19:45:00', 3, 1, 0, 1);

-- --------------------------------------------------------

--
-- Estructura de tabla para la tabla `status`
--

CREATE TABLE IF NOT EXISTS `status` (
  `id_status` int(11) NOT NULL,
  `status_nombre` varchar(15) COLLATE utf8_spanish_ci NOT NULL,
  PRIMARY KEY (`id_status`)
) ENGINE=InnoDB DEFAULT CHARSET=utf8 COLLATE=utf8_spanish_ci;

--
-- Volcado de datos para la tabla `status`
--

INSERT INTO `status` (`id_status`, `status_nombre`) VALUES
(0, 'Inactivo'),
(1, 'Activo'),
(2, 'Modificado');

-- --------------------------------------------------------

--
-- Estructura de tabla para la tabla `taquillas`
--

CREATE TABLE IF NOT EXISTS `taquillas` (
  `id_taquilla` int(11) NOT NULL AUTO_INCREMENT,
  `numero_taquilla` varchar(11) COLLATE utf8_unicode_ci NOT NULL,
  `status` int(11) NOT NULL COMMENT ' 0=Inactivo, 1=Activo',
  PRIMARY KEY (`id_taquilla`)
) ENGINE=InnoDB  DEFAULT CHARSET=utf8 COLLATE=utf8_unicode_ci AUTO_INCREMENT=4 ;

--
-- Volcado de datos para la tabla `taquillas`
--

INSERT INTO `taquillas` (`id_taquilla`, `numero_taquilla`, `status`) VALUES
(1, '01', 1),
(2, '02', 1),
(3, '03', 0);

-- --------------------------------------------------------

--
-- Estructura de tabla para la tabla `ticket`
--

CREATE TABLE IF NOT EXISTS `ticket` (
  `id_ticket` varchar(15) COLLATE utf8_unicode_ci NOT NULL,
  `serial` varchar(11) COLLATE utf8_unicode_ci NOT NULL,
  `fecha_hora` datetime NOT NULL,
  `taquilla` int(11) NOT NULL,
  `total_ticket` decimal(10,2) NOT NULL,
  `id_usuario` int(11) NOT NULL,
  `premiado` int(11) NOT NULL,
  `pagado` int(11) NOT NULL,
  `total_premiado` int(11) NOT NULL,
  `status` int(11) NOT NULL DEFAULT '1' COMMENT '0=Inactivo, 1=Activo',
  `fecha_hora_anulacion` datetime NOT NULL,
  `taquilla_anulacion` int(11) NOT NULL,
  `subido` int(11) NOT NULL DEFAULT '0',
  `verificado` int(11) NOT NULL DEFAULT '0',
  PRIMARY KEY (`id_ticket`)
) ENGINE=InnoDB DEFAULT CHARSET=utf8 COLLATE=utf8_unicode_ci COMMENT='ticket';

--
-- Volcado de datos para la tabla `ticket`
--

INSERT INTO `ticket` (`id_ticket`, `serial`, `fecha_hora`, `taquilla`, `total_ticket`, `id_usuario`, `premiado`, `pagado`, `total_premiado`, `status`, `fecha_hora_anulacion`, `taquilla_anulacion`, `subido`) VALUES
('130705082752101', '5061846951', '2013-07-05 20:27:52', 1, '200.00', 1, 0, 0, 0, 0, '2013-07-05 20:46:02', 1, 0),
('131012054355101', '3554215443', '2013-10-12 17:43:55', 1, '30.00', 1, 0, 0, 0, 0, '2013-10-12 17:45:12', 1, 0),
('131012054728101', '5928056989', '2013-10-12 17:47:28', 1, '100.00', 1, 0, 0, 0, 0, '2013-10-12 18:50:00', 1, 0),
('131012071200101', '5246090236', '2013-10-12 19:12:00', 1, '44.00', 1, 0, 0, 0, 0, '2013-10-12 19:13:15', 1, 0),
('131012071237101', '5373600765', '2013-10-12 19:12:37', 1, '44.00', 1, 0, 0, 0, 1, '0000-00-00 00:00:00', 0, 0),
('131012071434101', '1920382368', '2013-10-12 19:14:34', 1, '50.00', 1, 0, 0, 0, 1, '0000-00-00 00:00:00', 0, 0),
('131012072515101', '2643548326', '2013-10-12 19:25:15', 1, '200.00', 1, 0, 0, 0, 1, '0000-00-00 00:00:00', 0, 0),
('131012073924101', '1435341171', '2013-10-12 19:39:24', 1, '6.00', 1, 0, 0, 0, 1, '0000-00-00 00:00:00', 0, 0),
('131012074042101', '1828960200', '2013-10-12 19:40:42', 1, '6.00', 1, 0, 0, 0, 1, '0000-00-00 00:00:00', 0, 0),
('131013042538101', '7295744584', '2013-10-13 16:25:38', 1, '6030.00', 1, 0, 0, 0, 1, '0000-00-00 00:00:00', 0, 0),
('131016085755101', '0663957274', '2013-10-16 20:57:55', 1, '360.00', 1, 1, 0, 0, 1, '0000-00-00 00:00:00', 0, 0),
('131017045101101', '8018599085', '2013-10-17 16:51:01', 1, '20.00', 1, 0, 0, 0, 1, '0000-00-00 00:00:00', 0, 0),
('131017094001101', '5323353220', '2013-10-17 09:40:01', 1, '600.00', 1, 1, 1, 480000, 1, '0000-00-00 00:00:00', 0, 0),
('131017095536101', '8994042785', '2013-10-17 09:55:36', 1, '12.00', 1, 1, 0, 9600, 1, '0000-00-00 00:00:00', 0, 0),
('131017095913101', '6706848531', '2013-10-17 09:59:13', 1, '5.00', 1, 1, 0, 0, 1, '0000-00-00 00:00:00', 0, 0),
('131017100248101', '5694852775', '2013-10-17 10:02:48', 1, '10.00', 1, 1, 0, 300, 1, '0000-00-00 00:00:00', 0, 0),
('131017101813101', '8433042435', '2013-10-17 10:18:13', 1, '120.00', 1, 1, 0, 0, 1, '0000-00-00 00:00:00', 0, 0),
('131017123528101', '9013116570', '2013-10-17 12:35:28', 1, '20.00', 1, 1, 1, 16000, 1, '0000-00-00 00:00:00', 0, 0),
('131017124141101', '9104400203', '2013-10-17 12:41:41', 1, '80.00', 1, 1, 0, 42700, 1, '0000-00-00 00:00:00', 0, 0),
('131018035029101', '3320724610', '2013-10-18 15:50:30', 1, '40.00', 1, 0, 0, 0, 1, '0000-00-00 00:00:00', 0, 0),
('131021101725101', '8401979014', '2013-10-21 10:17:25', 1, '240.00', 1, 1, 1, 8000, 1, '0000-00-00 00:00:00', 0, 0);

-- --------------------------------------------------------

--
-- Estructura de tabla para la tabla `ticket_transaccional`
--

CREATE TABLE IF NOT EXISTS `ticket_transaccional` (
  `id_ticket_transaccional` int(11) NOT NULL AUTO_INCREMENT,
  `numero` varchar(10) COLLATE utf8_unicode_ci NOT NULL,
  `id_sorteo` int(11) NOT NULL,
  `id_zodiacal` int(11) NOT NULL,
  `id_tipo_jugada` int(11) NOT NULL,
  `monto_faltante` int(11) NOT NULL,
  `incompleto` int(11) NOT NULL COMMENT '0=completo, 1=Incompleto, 2=Agotado',
  `monto` decimal(10,2) NOT NULL,
  `id_taquilla` int(11) NOT NULL,
  PRIMARY KEY (`id_ticket_transaccional`),
  KEY `id_taquilla` (`id_taquilla`),
  KEY `id_zodiacal` (`id_zodiacal`),
  KEY `id_sorteo` (`id_sorteo`),
  KEY `id_tipo_jugada` (`id_tipo_jugada`)
) ENGINE=InnoDB DEFAULT CHARSET=utf8 COLLATE=utf8_unicode_ci COMMENT='Ticket Transaccional' AUTO_INCREMENT=1 ;

-- --------------------------------------------------------

--
-- Estructura de tabla para la tabla `tipo_jugadas`
--

CREATE TABLE IF NOT EXISTS `tipo_jugadas` (
  `id_tipo_jugada` int(11) NOT NULL AUTO_INCREMENT,
  `nombre_jugada` varchar(30) COLLATE utf8_unicode_ci NOT NULL,
  `zodiacal` int(11) NOT NULL COMMENT ' 0=No es Zodiacal, 1=Si es Zodiacal',
  `triple` int(11) NOT NULL COMMENT ' 0=es Terminal, 1=es Triple, 2= aproximacion',
  `status` int(11) NOT NULL COMMENT '0=Inactivo, 1=Activo',
  PRIMARY KEY (`id_tipo_jugada`)
) ENGINE=InnoDB  DEFAULT CHARSET=utf8 COLLATE=utf8_unicode_ci AUTO_INCREMENT=6 ;

--
-- Volcado de datos para la tabla `tipo_jugadas`
--

INSERT INTO `tipo_jugadas` (`id_tipo_jugada`, `nombre_jugada`, `zodiacal`, `triple`, `status`) VALUES
(1, 'Triple', 0, 1, 1),
(2, 'Terminal', 0, 0, 1),
(3, 'Tripletazo', 1, 1, 1),
(4, 'Terminalazo', 1, 0, 1),
(5, 'Aproximacion', 0, 2, 1);

-- --------------------------------------------------------

--
-- Estructura de tabla para la tabla `turno`
--

CREATE TABLE IF NOT EXISTS `turno` (
  `id_turno` int(1) NOT NULL,
  `nom_turno` varchar(6) COLLATE utf8_unicode_ci NOT NULL,
  `pre_turno` enum('M','T','N') COLLATE utf8_unicode_ci NOT NULL,
  PRIMARY KEY (`id_turno`)
) ENGINE=InnoDB DEFAULT CHARSET=utf8 COLLATE=utf8_unicode_ci COMMENT='Turneo de los Sorteos';

--
-- Volcado de datos para la tabla `turno`
--

INSERT INTO `turno` (`id_turno`, `nom_turno`, `pre_turno`) VALUES
(1, 'Manana', 'M'),
(2, 'Tarde', 'T'),
(3, 'Noche', 'N');

-- --------------------------------------------------------

--
-- Estructura de tabla para la tabla `usuario`
--

CREATE TABLE IF NOT EXISTS `usuario` (
  `id_usuario` int(10) NOT NULL AUTO_INCREMENT,
  `id_perfil` int(10) DEFAULT NULL,
  `nombre_usuario` varchar(80) DEFAULT NULL,
  `email_usuario` varchar(100) DEFAULT NULL,
  `login_usuario` varchar(10) DEFAULT NULL,
  `clave_usuario` varchar(10) DEFAULT NULL,
  `id_status_usuario` int(11) DEFAULT NULL COMMENT '0=Inactivo, 1=Activo',
  PRIMARY KEY (`id_usuario`),
  KEY `FK_id_perfil` (`id_perfil`)
) ENGINE=InnoDB  DEFAULT CHARSET=latin1 AUTO_INCREMENT=4 ;

--
-- Volcado de datos para la tabla `usuario`
--

INSERT INTO `usuario` (`id_usuario`, `id_perfil`, `nombre_usuario`, `email_usuario`, `login_usuario`, `clave_usuario`, `id_status_usuario`) VALUES
(1, 1, 'Gerzahim Salas', 'rasce88@gmail.com', 'admin', 'admin1', 1),
(3, 4, 'Rasce Salas', 'rasce88@gmail.com', 'yumi', '123', 1);

-- --------------------------------------------------------

--
-- Estructura de tabla para la tabla `usuarios_taquillas`
--

CREATE TABLE IF NOT EXISTS `usuarios_taquillas` (
  `id_usuario_taquilla` int(11) NOT NULL AUTO_INCREMENT,
  `id_usuario` int(11) NOT NULL,
  `id_taquilla` int(11) NOT NULL,
  `time_ping` time DEFAULT NULL,
  PRIMARY KEY (`id_usuario_taquilla`),
  KEY `id_taquilla` (`id_taquilla`)
) ENGINE=InnoDB DEFAULT CHARSET=utf8 COLLATE=utf8_unicode_ci AUTO_INCREMENT=1 ;

-- --------------------------------------------------------

--
-- Estructura de tabla para la tabla `zodiacal`
--

CREATE TABLE IF NOT EXISTS `zodiacal` (
  `Id_zodiacal` int(11) NOT NULL,
  `nombre_zodiacal` varchar(12) COLLATE utf8_unicode_ci NOT NULL,
  `pre_zodiacal` varchar(3) COLLATE utf8_unicode_ci NOT NULL,
  UNIQUE KEY `Id_zodiacal` (`Id_zodiacal`)
) ENGINE=InnoDB DEFAULT CHARSET=utf8 COLLATE=utf8_unicode_ci COMMENT='Signo Zodiacal';

--
-- Volcado de datos para la tabla `zodiacal`
--

INSERT INTO `zodiacal` (`Id_zodiacal`, `nombre_zodiacal`, `pre_zodiacal`) VALUES
(0, 'No Zodiacal', '---'),
(1, 'Acuario', 'Acu'),
(2, 'Aries', 'Ari'),
(3, 'Cancer', 'Can'),
(4, 'Capricornio', 'Cap'),
(5, 'Escorpio', 'Esc'),
(6, 'Geminis', 'Gem'),
(7, 'Leo', 'Leo'),
(8, 'Libra', 'Lib'),
(9, 'Piscis', 'Pis'),
(10, 'Sagitario', 'Sag'),
(11, 'Tauro', 'Tau'),
(12, 'Virgo', 'Vir');

-- --------------------------------------------------------

--
-- Estructura para la vista `ver_resultados`
--
DROP TABLE IF EXISTS `ver_resultados`;

CREATE ALGORITHM=UNDEFINED DEFINER=`root`@`127.0.0.1` SQL SECURITY DEFINER VIEW `ver_resultados` AS select `r`.`id_resultados` AS `id_resultados`,`s`.`nombre_sorteo` AS `nombre_sorteo`,`s`.`hora_sorteo` AS `hora_sorteo`,`z`.`nombre_zodiacal` AS `nombre_zodiacal`,`r`.`numero` AS `numero`,`r`.`fecha_hora` AS `fecha_hora` from ((`resultados` `r` join `sorteos` `s` on((`r`.`id_sorteo` = `s`.`id_sorteo`))) join `zodiacal` `z` on((`r`.`zodiacal` = `z`.`Id_zodiacal`))) where 1;

--
-- Restricciones para tablas volcadas
--

--
-- Filtros para la tabla `cupo_especial`
--
ALTER TABLE `cupo_especial`
  ADD CONSTRAINT `cupo_especial_ibfk_1` FOREIGN KEY (`id_tipo_jugada`) REFERENCES `tipo_jugadas` (`id_tipo_jugada`) ON DELETE CASCADE ON UPDATE CASCADE,
  ADD CONSTRAINT `cupo_especial_ibfk_2` FOREIGN KEY (`id_zodiacal`) REFERENCES `zodiacal` (`Id_zodiacal`) ON DELETE CASCADE ON UPDATE CASCADE,
  ADD CONSTRAINT `FK_id_sorteo` FOREIGN KEY (`id_sorteo`) REFERENCES `sorteos` (`id_sorteo`) ON DELETE CASCADE ON UPDATE CASCADE;

--
-- Filtros para la tabla `cupo_general`
--
ALTER TABLE `cupo_general`
  ADD CONSTRAINT `FK_id_tipo_jugadas` FOREIGN KEY (`id_tipo_jugada`) REFERENCES `tipo_jugadas` (`id_tipo_jugada`) ON DELETE CASCADE ON UPDATE CASCADE;

--
-- Filtros para la tabla `detalle_ticket`
--
ALTER TABLE `detalle_ticket`
  ADD CONSTRAINT `detalle_ticket_ibfk_1` FOREIGN KEY (`id_ticket`) REFERENCES `ticket` (`id_ticket`) ON DELETE CASCADE ON UPDATE CASCADE,
  ADD CONSTRAINT `detalle_ticket_ibfk_2` FOREIGN KEY (`id_tipo_jugada`) REFERENCES `tipo_jugadas` (`id_tipo_jugada`) ON DELETE CASCADE ON UPDATE CASCADE;

--
-- Filtros para la tabla `impresora_taquillas`
--
ALTER TABLE `impresora_taquillas`
  ADD CONSTRAINT `impresora_taquillas_ibfk_1` FOREIGN KEY (`id_taquilla`) REFERENCES `taquillas` (`id_taquilla`) ON DELETE CASCADE ON UPDATE CASCADE;

--
-- Filtros para la tabla `incompletos_agotados`
--
ALTER TABLE `incompletos_agotados`
  ADD CONSTRAINT `incompletos_agotados_ibfk_1` FOREIGN KEY (`id_sorteo`) REFERENCES `sorteos` (`id_sorteo`) ON DELETE CASCADE ON UPDATE CASCADE,
  ADD CONSTRAINT `incompletos_agotados_ibfk_2` FOREIGN KEY (`id_tipo_jugada`) REFERENCES `tipo_jugadas` (`id_tipo_jugada`) ON DELETE CASCADE ON UPDATE CASCADE,
  ADD CONSTRAINT `incompletos_agotados_ibfk_3` FOREIGN KEY (`id_zodiacal`) REFERENCES `zodiacal` (`Id_zodiacal`) ON DELETE CASCADE ON UPDATE CASCADE,
  ADD CONSTRAINT `incompletos_agotados_ibfk_4` FOREIGN KEY (`id_ticket`) REFERENCES `ticket` (`id_ticket`) ON DELETE CASCADE ON UPDATE CASCADE;

--
-- Filtros para la tabla `numeros_jugados`
--
ALTER TABLE `numeros_jugados`
  ADD CONSTRAINT `numeros_jugados_ibfk_1` FOREIGN KEY (`id_sorteo`) REFERENCES `sorteos` (`id_sorteo`) ON DELETE CASCADE ON UPDATE CASCADE,
  ADD CONSTRAINT `numeros_jugados_ibfk_2` FOREIGN KEY (`id_tipo_jugada`) REFERENCES `tipo_jugadas` (`id_tipo_jugada`) ON DELETE CASCADE ON UPDATE CASCADE,
  ADD CONSTRAINT `numeros_jugados_ibfk_3` FOREIGN KEY (`id_zodiacal`) REFERENCES `zodiacal` (`Id_zodiacal`) ON DELETE CASCADE ON UPDATE CASCADE;

--
-- Filtros para la tabla `relacion_pagos`
--
ALTER TABLE `relacion_pagos`
  ADD CONSTRAINT `relacion_pagos_ibfk_1` FOREIGN KEY (`id_tipo_jugada`) REFERENCES `tipo_jugadas` (`id_tipo_jugada`) ON DELETE CASCADE ON UPDATE CASCADE;

--
-- Filtros para la tabla `resultados`
--
ALTER TABLE `resultados`
  ADD CONSTRAINT `resultados_ibfk_1` FOREIGN KEY (`id_sorteo`) REFERENCES `sorteos` (`id_sorteo`) ON DELETE CASCADE ON UPDATE CASCADE,
  ADD CONSTRAINT `resultados_ibfk_2` FOREIGN KEY (`zodiacal`) REFERENCES `zodiacal` (`Id_zodiacal`) ON DELETE CASCADE ON UPDATE CASCADE;

--
-- Filtros para la tabla `sorteos`
--
ALTER TABLE `sorteos`
  ADD CONSTRAINT `FK_id_loteria` FOREIGN KEY (`id_loteria`) REFERENCES `loterias` (`id_loteria`) ON DELETE CASCADE ON UPDATE CASCADE,
  ADD CONSTRAINT `FK_zodiacal` FOREIGN KEY (`zodiacal`) REFERENCES `zodiacal` (`Id_zodiacal`) ON DELETE CASCADE ON UPDATE CASCADE,
  ADD CONSTRAINT `turno_fk` FOREIGN KEY (`id_turno`) REFERENCES `turno` (`id_turno`) ON DELETE CASCADE ON UPDATE CASCADE;

--
-- Filtros para la tabla `ticket_transaccional`
--
ALTER TABLE `ticket_transaccional`
  ADD CONSTRAINT `ticket_transaccional_ibfk_1` FOREIGN KEY (`id_sorteo`) REFERENCES `sorteos` (`id_sorteo`) ON DELETE CASCADE ON UPDATE CASCADE,
  ADD CONSTRAINT `ticket_transaccional_ibfk_2` FOREIGN KEY (`id_zodiacal`) REFERENCES `zodiacal` (`Id_zodiacal`) ON DELETE CASCADE ON UPDATE CASCADE,
  ADD CONSTRAINT `ticket_transaccional_ibfk_3` FOREIGN KEY (`id_tipo_jugada`) REFERENCES `tipo_jugadas` (`id_tipo_jugada`) ON DELETE CASCADE ON UPDATE CASCADE,
  ADD CONSTRAINT `ticket_transaccional_ibfk_4` FOREIGN KEY (`id_taquilla`) REFERENCES `taquillas` (`id_taquilla`) ON DELETE CASCADE ON UPDATE CASCADE;

--
-- Filtros para la tabla `usuario`
--
ALTER TABLE `usuario`
  ADD CONSTRAINT `FK_id_perfil` FOREIGN KEY (`id_perfil`) REFERENCES `perfil` (`id_perfil`) ON DELETE CASCADE ON UPDATE CASCADE;

/*!40101 SET CHARACTER_SET_CLIENT=@OLD_CHARACTER_SET_CLIENT */;
/*!40101 SET CHARACTER_SET_RESULTS=@OLD_CHARACTER_SET_RESULTS */;
/*!40101 SET COLLATION_CONNECTION=@OLD_COLLATION_CONNECTION */;
